order_id,order_date,region,channel,category,product,units,unit_price,revenue
SO-00001,2025-01-01,South,Online,Coffee,House Blend 1 lb,1,14.00,14.00
SO-00002,2025-01-01,South,Online,Merch,Logo Mug,1,12.00,12.00
SO-00003,2025-01-02,North,In-store,Merch,Logo Mug,1,12.00,12.00
SO-00004,2025-01-02,North,Online,Coffee,Single Origin 12 oz,3,18.50,55.50
SO-00005,2025-01-02,North,Online,Tea,Chai Concentrate,6,9.50,57.00
SO-00006,2025-01-03,West,Online,Coffee,House Blend 1 lb,2,14.00,28.00
SO-00007,2025-01-03,East,Online,Tea,Chai Concentrate,2,9.50,19.00
SO-00008,2025-01-03,North,Online,Equipment,Burr Grinder,1,89.00,89.00
SO-00009,2025-01-03,East,In-store,Merch,Tote Bag,3,16.00,48.00
SO-00010,2025-01-03,East,In-store,Equipment,Burr Grinder,2,89.00,178.00
SO-00011,2025-01-04,East,In-store,Merch,Logo Mug,2,12.00,24.00
SO-00012,2025-01-04,East,In-store,Coffee,House Blend 1 lb,3,14.00,42.00
SO-00013,2025-01-04,West,In-store,Equipment,Burr Grinder,1,89.00,89.00
SO-00014,2025-01-05,West,In-store,Equipment,Pour-Over Kit,1,42.00,42.00
SO-00015,2025-01-05,East,In-store,Equipment,Pour-Over Kit,2,42.00,84.00
SO-00016,2025-01-05,East,In-store,Coffee,House Blend 1 lb,1,14.00,14.00
SO-00017,2025-01-06,East,In-store,Tea,Green Tea Tin,2,11.00,22.00
SO-00018,2025-01-06,South,Online,Tea,Chai Concentrate,1,9.50,9.50
SO-00019,2025-01-06,North,In-store,Merch,Logo Mug,2,12.00,24.00
SO-00020,2025-01-06,North,Online,Tea,Green Tea Tin,2,11.00,22.00
SO-00021,2025-01-07,North,In-store,Coffee,Single Origin 12 oz,2,18.50,37.00
SO-00022,2025-01-07,North,Online,Tea,Green Tea Tin,3,11.00,33.00
SO-00023,2025-01-07,North,Online,Tea,Green Tea Tin,2,11.00,22.00
SO-00024,2025-01-07,South,Online,Merch,Logo Mug,4,12.00,48.00
SO-00025,2025-01-07,North,In-store,Tea,Green Tea Tin,1,11.00,11.00
SO-00026,2025-01-07,East,Online,Merch,Logo Mug,1,12.00,12.00
SO-00027,2025-01-08,East,In-store,Tea,Chai Concentrate,1,9.50,9.50
SO-00028,2025-01-09,West,Online,Merch,Tote Bag,1,16.00,16.00
SO-00029,2025-01-09,West,In-store,Tea,Green Tea Tin,1,11.00,11.00
SO-00030,2025-01-09,East,In-store,Merch,Logo Mug,1,12.00,12.00
SO-00031,2025-01-09,North,In-store,Tea,Chai Concentrate,6,9.50,57.00
SO-00032,2025-01-10,West,Online,Coffee,Single Origin 12 oz,1,18.50,18.50
SO-00033,2025-01-10,East,In-store,Tea,Green Tea Tin,2,11.00,22.00
SO-00034,2025-01-11,North,In-store,Coffee,House Blend 1 lb,3,14.00,42.00
SO-00035,2025-01-11,North,In-store,Equipment,Burr Grinder,3,89.00,267.00
SO-00036,2025-01-11,North,Online,Equipment,Pour-Over Kit,1,42.00,42.00
SO-00037,2025-01-12,North,Online,Merch,Logo Mug,2,12.00,24.00
SO-00038,2025-01-12,South,Online,Equipment,Burr Grinder,1,89.00,89.00
SO-00039,2025-01-12,South,In-store,Coffee,House Blend 1 lb,1,14.00,14.00
SO-00040,2025-01-13,West,In-store,Tea,Green Tea Tin,2,11.00,22.00
SO-00041,2025-01-13,East,Online,Merch,Logo Mug,1,12.00,12.00
SO-00042,2025-01-13,South,Online,Coffee,Single Origin 12 oz,4,18.50,74.00
SO-00043,2025-01-13,East,Online,Coffee,Single Origin 12 oz,4,18.50,74.00
SO-00044,2025-01-14,West,In-store,Equipment,Burr Grinder,4,89.00,356.00
SO-00045,2025-01-14,North,Online,Equipment,Burr Grinder,4,89.00,356.00
SO-00046,2025-01-15,North,In-store,Equipment,Pour-Over Kit,1,42.00,42.00
SO-00047,2025-01-15,North,Online,Merch,Tote Bag,1,16.00,16.00
SO-00048,2025-01-16,East,Online,Equipment,Pour-Over Kit,1,42.00,42.00
SO-00049,2025-01-16,East,In-store,Equipment,Pour-Over Kit,1,42.00,42.00
SO-00050,2025-01-16,South,Online,Equipment,Burr Grinder,4,89.00,356.00
SO-00051,2025-01-16,East,In-store,Tea,Green Tea Tin,3,11.00,33.00
SO-00052,2025-01-17,North,In-store,Merch,Tote Bag,1,16.00,16.00
SO-00053,2025-01-17,North,Online,Coffee,Single Origin 12 oz,1,18.50,18.50
SO-00054,2025-01-17,West,Online,Equipment,Pour-Over Kit,3,42.00,126.00
SO-00055,2025-01-17,North,In-store,Tea,Green Tea Tin,1,11.00,11.00
SO-00056,2025-01-17,East,Online,Coffee,House Blend 1 lb,2,14.00,28.00
SO-00057,2025-01-18,East,Online,Merch,Tote Bag,1,16.00,16.00
SO-00058,2025-01-18,North,In-store,Tea,Green Tea Tin,1,11.00,11.00
SO-00059,2025-01-18,South,Online,Equipment,Pour-Over Kit,3,42.00,126.00
SO-00060,2025-01-18,East,Online,Coffee,Single Origin 12 oz,4,18.50,74.00
SO-00061,2025-01-18,East,Online,Tea,Green Tea Tin,1,11.00,11.00
SO-00062,2025-01-18,West,In-store,Tea,Green Tea Tin,1,11.00,11.00
SO-00063,2025-01-19,West,Online,Coffee,Single Origin 12 oz,1,18.50,18.50
SO-00064,2025-01-19,South,In-store,Tea,Green Tea Tin,1,11.00,11.00
SO-00065,2025-01-19,East,In-store,Tea,Green Tea Tin,1,11.00,11.00
SO-00066,2025-01-19,East,In-store,Equipment,Pour-Over Kit,2,42.00,84.00
SO-00067,2025-01-19,South,In-store,Tea,Green Tea Tin,2,11.00,22.00
SO-00068,2025-01-19,West,In-store,Tea,Green Tea Tin,2,11.00,22.00
SO-00069,2025-01-20,West,In-store,Coffee,House Blend 1 lb,3,14.00,42.00
SO-00070,2025-01-20,South,In-store,Tea,Chai Concentrate,1,9.50,9.50
SO-00071,2025-01-20,South,In-store,Coffee,Single Origin 12 oz,1,18.50,18.50
SO-00072,2025-01-20,West,In-store,Coffee,Single Origin 12 oz,1,18.50,18.50
SO-00073,2025-01-21,East,In-store,Coffee,Single Origin 12 oz,2,18.50,37.00
SO-00074,2025-01-21,East,Online,Equipment,Pour-Over Kit,2,42.00,84.00
SO-00075,2025-01-21,West,In-store,Equipment,Pour-Over Kit,1,42.00,42.00
SO-00076,2025-01-21,West,In-store,Coffee,Single Origin 12 oz,2,18.50,37.00
SO-00077,2025-01-21,North,Online,Tea,Green Tea Tin,2,11.00,22.00
SO-00078,2025-01-21,East,In-store,Equipment,Burr Grinder,4,89.00,356.00
SO-00079,2025-01-22,North,In-store,Coffee,Single Origin 12 oz,1,18.50,18.50
SO-00080,2025-01-22,South,Online,Coffee,House Blend 1 lb,2,14.00,28.00
SO-00081,2025-01-22,South,In-store,Coffee,Single Origin 12 oz,1,18.50,18.50
SO-00082,2025-01-23,East,In-store,Tea,Green Tea Tin,1,11.00,11.00
SO-00083,2025-01-23,North,In-store,Tea,Chai Concentrate,6,9.50,57.00
SO-00084,2025-01-23,North,In-store,Coffee,House Blend 1 lb,1,14.00,14.00
SO-00085,2025-01-23,West,Online,Equipment,Pour-Over Kit,1,42.00,42.00
SO-00086,2025-01-23,North,In-store,Merch,Logo Mug,1,12.00,12.00
SO-00087,2025-01-24,North,Online,Tea,Green Tea Tin,6,11.00,66.00
SO-00088,2025-01-24,North,In-store,Coffee,Single Origin 12 oz,1,18.50,18.50
SO-00089,2025-01-24,South,In-store,Equipment,Pour-Over Kit,2,42.00,84.00
SO-00090,2025-01-25,South,In-store,Tea,Chai Concentrate,2,9.50,19.00
SO-00091,2025-01-25,West,Online,Equipment,Pour-Over Kit,4,42.00,168.00
SO-00092,2025-01-25,North,In-store,Equipment,Pour-Over Kit,1,42.00,42.00
SO-00093,2025-01-25,North,Online,Equipment,Pour-Over Kit,3,42.00,126.00
SO-00094,2025-01-26,West,In-store,Equipment,Burr Grinder,1,89.00,89.00
SO-00095,2025-01-26,East,In-store,Tea,Green Tea Tin,1,11.00,11.00
SO-00096,2025-01-26,South,Online,Equipment,Burr Grinder,2,89.00,178.00
SO-00097,2025-01-26,East,Online,Equipment,Pour-Over Kit,4,42.00,168.00
SO-00098,2025-01-26,East,Online,Equipment,Burr Grinder,3,89.00,267.00
SO-00099,2025-01-27,West,In-store,Coffee,Single Origin 12 oz,4,18.50,74.00
SO-00100,2025-01-27,East,In-store,Merch,Logo Mug,2,12.00,24.00
SO-00101,2025-01-27,East,In-store,Merch,Logo Mug,2,12.00,24.00
SO-00102,2025-01-27,South,In-store,Merch,Tote Bag,4,16.00,64.00
SO-00103,2025-01-28,North,Online,Equipment,Pour-Over Kit,1,42.00,42.00
SO-00104,2025-01-28,North,Online,Coffee,House Blend 1 lb,1,14.00,14.00
SO-00105,2025-01-28,West,Online,Equipment,Pour-Over Kit,1,42.00,42.00
SO-00106,2025-01-28,West,In-store,Equipment,Burr Grinder,4,89.00,356.00
SO-00107,2025-01-28,South,In-store,Merch,Logo Mug,1,12.00,12.00
SO-00108,2025-01-29,South,In-store,Coffee,Single Origin 12 oz,1,18.50,18.50
SO-00109,2025-01-29,East,Online,Merch,Tote Bag,1,16.00,16.00
SO-00110,2025-01-30,East,In-store,Tea,Chai Concentrate,3,9.50,28.50
SO-00111,2025-01-30,East,Online,Merch,Logo Mug,1,12.00,12.00
SO-00112,2025-01-30,South,In-store,Coffee,House Blend 1 lb,1,14.00,14.00
SO-00113,2025-01-30,North,In-store,Merch,Tote Bag,1,16.00,16.00
SO-00114,2025-01-30,South,Online,Coffee,House Blend 1 lb,2,14.00,28.00
SO-00115,2025-01-31,North,In-store,Equipment,Pour-Over Kit,2,42.00,84.00
SO-00116,2025-01-31,West,In-store,Equipment,Burr Grinder,1,89.00,89.00
SO-00117,2025-01-31,West,In-store,Coffee,Single Origin 12 oz,2,18.50,37.00
SO-00118,2025-01-31,South,In-store,Equipment,Burr Grinder,2,89.00,178.00
SO-00119,2025-01-31,North,In-store,Merch,Logo Mug,1,12.00,12.00
SO-00120,2025-02-01,East,In-store,Equipment,Burr Grinder,1,89.00,89.00
SO-00121,2025-02-01,North,Online,Merch,Tote Bag,3,16.00,48.00
SO-00122,2025-02-01,North,In-store,Tea,Green Tea Tin,1,11.00,11.00
SO-00123,2025-02-01,East,Online,Tea,Chai Concentrate,6,9.50,57.00
SO-00124,2025-02-02,West,In-store,Tea,Green Tea Tin,2,11.00,22.00
SO-00125,2025-02-02,North,In-store,Coffee,House Blend 1 lb,1,14.00,14.00
SO-00126,2025-02-02,East,Online,Tea,Chai Concentrate,1,9.50,9.50
SO-00127,2025-02-03,South,In-store,Tea,Chai Concentrate,1,9.50,9.50
SO-00128,2025-02-03,North,In-store,Equipment,Burr Grinder,1,89.00,89.00
SO-00129,2025-02-03,North,Online,Coffee,House Blend 1 lb,1,14.00,14.00
SO-00130,2025-02-03,South,Online,Equipment,Burr Grinder,1,89.00,89.00
SO-00131,2025-02-04,South,In-store,Equipment,Pour-Over Kit,1,42.00,42.00
SO-00132,2025-02-04,North,Online,Merch,Logo Mug,4,12.00,48.00
SO-00133,2025-02-04,South,In-store,Coffee,Single Origin 12 oz,1,18.50,18.50
SO-00134,2025-02-04,East,Online,Equipment,Burr Grinder,1,89.00,89.00
SO-00135,2025-02-05,East,Online,Merch,Logo Mug,1,12.00,12.00
SO-00136,2025-02-05,East,Online,Coffee,Single Origin 12 oz,1,18.50,18.50
SO-00137,2025-02-06,East,In-store,Equipment,Pour-Over Kit,1,42.00,42.00
SO-00138,2025-02-06,West,In-store,Tea,Green Tea Tin,2,11.00,22.00
SO-00139,2025-02-06,North,In-store,Merch,Tote Bag,3,16.00,48.00
SO-00140,2025-02-07,South,In-store,Coffee,Single Origin 12 oz,1,18.50,18.50
SO-00141,2025-02-07,North,In-store,Coffee,Single Origin 12 oz,3,18.50,55.50
SO-00142,2025-02-07,North,Online,Merch,Logo Mug,2,12.00,24.00
SO-00143,2025-02-07,South,In-store,Coffee,House Blend 1 lb,1,14.00,14.00
SO-00144,2025-02-07,North,In-store,Merch,Tote Bag,1,16.00,16.00
SO-00145,2025-02-08,North,In-store,Merch,Logo Mug,1,12.00,12.00
SO-00146,2025-02-08,East,In-store,Coffee,Single Origin 12 oz,1,18.50,18.50
SO-00147,2025-02-09,North,In-store,Merch,Logo Mug,1,12.00,12.00
SO-00148,2025-02-10,South,Online,Equipment,Pour-Over Kit,2,42.00,84.00
SO-00149,2025-02-10,East,Online,Coffee,Single Origin 12 oz,1,18.50,18.50
SO-00150,2025-02-11,West,Online,Coffee,Single Origin 12 oz,1,18.50,18.50
SO-00151,2025-02-11,East,Online,Equipment,Burr Grinder,1,89.00,89.00
SO-00152,2025-02-11,East,In-store,Equipment,Pour-Over Kit,1,42.00,42.00
SO-00153,2025-02-11,North,Online,Tea,Green Tea Tin,1,11.00,11.00
SO-00154,2025-02-12,South,Online,Tea,Green Tea Tin,2,11.00,22.00
SO-00155,2025-02-12,East,In-store,Merch,Tote Bag,1,16.00,16.00
SO-00156,2025-02-12,South,Online,Coffee,Single Origin 12 oz,1,18.50,18.50
SO-00157,2025-02-12,West,In-store,Tea,Chai Concentrate,6,9.50,57.00
SO-00158,2025-02-13,West,In-store,Equipment,Burr Grinder,1,89.00,89.00
SO-00159,2025-02-13,North,In-store,Merch,Logo Mug,1,12.00,12.00
SO-00160,2025-02-14,East,In-store,Merch,Tote Bag,2,16.00,32.00
SO-00161,2025-02-14,North,In-store,Tea,Green Tea Tin,1,11.00,11.00
SO-00162,2025-02-14,North,In-store,Tea,Green Tea Tin,1,11.00,11.00
SO-00163,2025-02-15,North,Online,Coffee,Single Origin 12 oz,2,18.50,37.00
SO-00164,2025-02-15,East,In-store,Coffee,House Blend 1 lb,1,14.00,14.00
SO-00165,2025-02-15,North,In-store,Tea,Chai Concentrate,1,9.50,9.50
SO-00166,2025-02-15,West,Online,Merch,Tote Bag,6,16.00,96.00
SO-00167,2025-02-16,West,Online,Merch,Tote Bag,1,16.00,16.00
SO-00168,2025-02-16,North,Online,Equipment,Pour-Over Kit,4,42.00,168.00
SO-00169,2025-02-17,East,In-store,Coffee,House Blend 1 lb,1,14.00,14.00
SO-00170,2025-02-17,West,Online,Merch,Logo Mug,4,12.00,48.00
SO-00171,2025-02-17,West,Online,Equipment,Burr Grinder,1,89.00,89.00
SO-00172,2025-02-18,South,In-store,Merch,Tote Bag,1,16.00,16.00
SO-00173,2025-02-18,West,In-store,Equipment,Burr Grinder,1,89.00,89.00
SO-00174,2025-02-18,East,Online,Equipment,Pour-Over Kit,1,42.00,42.00
SO-00175,2025-02-18,North,Online,Equipment,Pour-Over Kit,3,42.00,126.00
SO-00176,2025-02-19,South,In-store,Merch,Logo Mug,1,12.00,12.00
SO-00177,2025-02-19,East,In-store,Tea,Chai Concentrate,1,9.50,9.50
SO-00178,2025-02-20,North,Online,Coffee,Single Origin 12 oz,2,18.50,37.00
SO-00179,2025-02-20,East,Online,Tea,Chai Concentrate,1,9.50,9.50
SO-00180,2025-02-20,South,Online,Tea,Green Tea Tin,1,11.00,11.00
SO-00181,2025-02-21,North,Online,Equipment,Burr Grinder,2,89.00,178.00
SO-00182,2025-02-21,North,In-store,Equipment,Pour-Over Kit,2,42.00,84.00
SO-00183,2025-02-21,North,In-store,Coffee,House Blend 1 lb,1,14.00,14.00
SO-00184,2025-02-22,South,In-store,Equipment,Pour-Over Kit,6,42.00,252.00
SO-00185,2025-02-22,South,In-store,Tea,Green Tea Tin,1,11.00,11.00
SO-00186,2025-02-22,East,In-store,Equipment,Burr Grinder,2,89.00,178.00
SO-00187,2025-02-22,West,Online,Tea,Chai Concentrate,1,9.50,9.50
SO-00188,2025-02-23,East,Online,Merch,Tote Bag,2,16.00,32.00
SO-00189,2025-02-23,South,In-store,Equipment,Pour-Over Kit,2,42.00,84.00
SO-00190,2025-02-24,East,Online,Equipment,Pour-Over Kit,2,42.00,84.00
SO-00191,2025-02-24,East,Online,Equipment,Burr Grinder,4,89.00,356.00
SO-00192,2025-02-24,North,In-store,Coffee,Single Origin 12 oz,1,18.50,18.50
SO-00193,2025-02-25,North,In-store,Equipment,Pour-Over Kit,2,42.00,84.00
SO-00194,2025-02-25,East,In-store,Equipment,Pour-Over Kit,2,42.00,84.00
SO-00195,2025-02-25,West,In-store,Equipment,Pour-Over Kit,1,42.00,42.00
SO-00196,2025-02-26,North,Online,Equipment,Burr Grinder,6,89.00,534.00
SO-00197,2025-02-26,North,In-store,Merch,Logo Mug,2,12.00,24.00
SO-00198,2025-02-26,East,In-store,Equipment,Pour-Over Kit,2,42.00,84.00
SO-00199,2025-02-26,East,In-store,Tea,Chai Concentrate,2,9.50,19.00
SO-00200,2025-02-26,East,Online,Coffee,Single Origin 12 oz,3,18.50,55.50
SO-00201,2025-02-27,North,In-store,Coffee,Single Origin 12 oz,2,18.50,37.00
SO-00202,2025-02-27,North,In-store,Merch,Logo Mug,4,12.00,48.00
SO-00203,2025-02-27,East,Online,Coffee,House Blend 1 lb,1,14.00,14.00
SO-00204,2025-02-27,East,In-store,Equipment,Pour-Over Kit,2,42.00,84.00
SO-00205,2025-02-28,East,In-store,Merch,Logo Mug,2,12.00,24.00
SO-00206,2025-02-28,East,In-store,Equipment,Pour-Over Kit,1,42.00,42.00
SO-00207,2025-02-28,East,In-store,Merch,Tote Bag,2,16.00,32.00
SO-00208,2025-03-01,South,In-store,Equipment,Burr Grinder,1,89.00,89.00
SO-00209,2025-03-01,East,In-store,Coffee,House Blend 1 lb,1,14.00,14.00
SO-00210,2025-03-01,South,Online,Coffee,Single Origin 12 oz,1,18.50,18.50
SO-00211,2025-03-02,East,Online,Equipment,Burr Grinder,3,89.00,267.00
SO-00212,2025-03-02,East,Online,Equipment,Pour-Over Kit,4,42.00,168.00
SO-00213,2025-03-02,North,In-store,Tea,Chai Concentrate,4,9.50,38.00
SO-00214,2025-03-02,East,Online,Tea,Green Tea Tin,2,11.00,22.00
SO-00215,2025-03-03,North,In-store,Equipment,Pour-Over Kit,2,42.00,84.00
SO-00216,2025-03-03,East,Online,Merch,Tote Bag,1,16.00,16.00
SO-00217,2025-03-03,South,In-store,Coffee,House Blend 1 lb,2,14.00,28.00
SO-00218,2025-03-03,East,In-store,Equipment,Burr Grinder,2,89.00,178.00
SO-00219,2025-03-04,South,Online,Merch,Tote Bag,2,16.00,32.00
SO-00220,2025-03-04,North,In-store,Coffee,House Blend 1 lb,1,14.00,14.00
SO-00221,2025-03-04,East,Online,Merch,Logo Mug,1,12.00,12.00
SO-00222,2025-03-05,North,In-store,Tea,Chai Concentrate,2,9.50,19.00
SO-00223,2025-03-05,West,Online,Coffee,Single Origin 12 oz,1,18.50,18.50
SO-00224,2025-03-05,North,Online,Tea,Green Tea Tin,1,11.00,11.00
SO-00225,2025-03-05,South,In-store,Equipment,Burr Grinder,3,89.00,267.00
SO-00226,2025-03-06,East,Online,Coffee,Single Origin 12 oz,3,18.50,55.50
SO-00227,2025-03-06,East,Online,Merch,Logo Mug,2,12.00,24.00
SO-00228,2025-03-06,West,Online,Merch,Logo Mug,1,12.00,12.00
SO-00229,2025-03-06,South,Online,Equipment,Burr Grinder,2,89.00,178.00
SO-00230,2025-03-06,West,In-store,Coffee,Single Origin 12 oz,2,18.50,37.00
SO-00231,2025-03-07,East,Online,Equipment,Pour-Over Kit,3,42.00,126.00
SO-00232,2025-03-07,North,In-store,Coffee,Single Origin 12 oz,1,18.50,18.50
SO-00233,2025-03-07,South,In-store,Coffee,Single Origin 12 oz,2,18.50,37.00
SO-00234,2025-03-08,North,In-store,Tea,Chai Concentrate,2,9.50,19.00
SO-00235,2025-03-08,East,In-store,Equipment,Burr Grinder,1,89.00,89.00
SO-00236,2025-03-08,South,In-store,Merch,Tote Bag,2,16.00,32.00
SO-00237,2025-03-08,South,In-store,Merch,Logo Mug,1,12.00,12.00
SO-00238,2025-03-09,South,Online,Coffee,House Blend 1 lb,4,14.00,56.00
SO-00239,2025-03-09,North,Online,Equipment,Pour-Over Kit,1,42.00,42.00
SO-00240,2025-03-09,South,Online,Coffee,House Blend 1 lb,1,14.00,14.00
SO-00241,2025-03-09,East,Online,Coffee,Single Origin 12 oz,1,18.50,18.50
SO-00242,2025-03-09,North,Online,Coffee,House Blend 1 lb,2,14.00,28.00
SO-00243,2025-03-10,South,In-store,Merch,Tote Bag,1,16.00,16.00
SO-00244,2025-03-10,North,Online,Equipment,Pour-Over Kit,3,42.00,126.00
SO-00245,2025-03-10,East,Online,Merch,Logo Mug,4,12.00,48.00
SO-00246,2025-03-11,West,In-store,Merch,Logo Mug,1,12.00,12.00
SO-00247,2025-03-11,East,Online,Coffee,Single Origin 12 oz,3,18.50,55.50
SO-00248,2025-03-11,East,In-store,Merch,Tote Bag,1,16.00,16.00
SO-00249,2025-03-12,East,Online,Merch,Tote Bag,1,16.00,16.00
SO-00250,2025-03-12,West,Online,Tea,Green Tea Tin,1,11.00,11.00
SO-00251,2025-03-12,East,In-store,Tea,Chai Concentrate,1,9.50,9.50
SO-00252,2025-03-12,South,In-store,Coffee,Single Origin 12 oz,2,18.50,37.00
SO-00253,2025-03-12,East,Online,Merch,Logo Mug,1,12.00,12.00
SO-00254,2025-03-13,North,In-store,Tea,Chai Concentrate,1,9.50,9.50
SO-00255,2025-03-13,North,In-store,Tea,Chai Concentrate,6,9.50,57.00
SO-00256,2025-03-13,South,In-store,Equipment,Pour-Over Kit,1,42.00,42.00
SO-00257,2025-03-13,North,In-store,Equipment,Burr Grinder,1,89.00,89.00
SO-00258,2025-03-13,North,In-store,Tea,Chai Concentrate,2,9.50,19.00
SO-00259,2025-03-13,North,In-store,Coffee,House Blend 1 lb,2,14.00,28.00
SO-00260,2025-03-14,South,In-store,Coffee,Single Origin 12 oz,1,18.50,18.50
SO-00261,2025-03-14,East,In-store,Merch,Tote Bag,2,16.00,32.00
SO-00262,2025-03-14,East,Online,Merch,Tote Bag,1,16.00,16.00
SO-00263,2025-03-14,West,Online,Merch,Tote Bag,1,16.00,16.00
SO-00264,2025-03-15,South,In-store,Coffee,Single Origin 12 oz,2,18.50,37.00
SO-00265,2025-03-15,East,Online,Equipment,Pour-Over Kit,1,42.00,42.00
SO-00266,2025-03-15,West,Online,Tea,Chai Concentrate,1,9.50,9.50
SO-00267,2025-03-15,East,Online,Merch,Logo Mug,1,12.00,12.00
SO-00268,2025-03-16,North,Online,Equipment,Burr Grinder,1,89.00,89.00
SO-00269,2025-03-16,East,In-store,Tea,Chai Concentrate,6,9.50,57.00
SO-00270,2025-03-16,East,In-store,Coffee,Single Origin 12 oz,4,18.50,74.00
SO-00271,2025-03-16,North,In-store,Tea,Chai Concentrate,1,9.50,9.50
SO-00272,2025-03-16,East,In-store,Coffee,Single Origin 12 oz,4,18.50,74.00
SO-00273,2025-03-17,North,Online,Coffee,House Blend 1 lb,1,14.00,14.00
SO-00274,2025-03-17,South,In-store,Merch,Tote Bag,1,16.00,16.00
SO-00275,2025-03-17,East,In-store,Equipment,Pour-Over Kit,1,42.00,42.00
SO-00276,2025-03-17,West,In-store,Equipment,Pour-Over Kit,1,42.00,42.00
SO-00277,2025-03-18,East,Online,Merch,Tote Bag,2,16.00,32.00
SO-00278,2025-03-18,North,In-store,Equipment,Pour-Over Kit,2,42.00,84.00
SO-00279,2025-03-18,North,In-store,Tea,Chai Concentrate,1,9.50,9.50
SO-00280,2025-03-18,South,Online,Coffee,Single Origin 12 oz,1,18.50,18.50
SO-00281,2025-03-18,South,In-store,Coffee,House Blend 1 lb,2,14.00,28.00
SO-00282,2025-03-18,North,Online,Merch,Logo Mug,1,12.00,12.00
SO-00283,2025-03-19,West,In-store,Coffee,Single Origin 12 oz,1,18.50,18.50
SO-00284,2025-03-19,East,Online,Merch,Tote Bag,3,16.00,48.00
SO-00285,2025-03-19,West,Online,Merch,Tote Bag,1,16.00,16.00
SO-00286,2025-03-19,North,In-store,Coffee,House Blend 1 lb,6,14.00,84.00
SO-00287,2025-03-20,East,In-store,Coffee,Single Origin 12 oz,1,18.50,18.50
SO-00288,2025-03-20,East,Online,Equipment,Pour-Over Kit,1,42.00,42.00
SO-00289,2025-03-20,East,In-store,Equipment,Pour-Over Kit,1,42.00,42.00
SO-00290,2025-03-21,South,Online,Merch,Tote Bag,2,16.00,32.00
SO-00291,2025-03-21,West,Online,Equipment,Burr Grinder,2,89.00,178.00
SO-00292,2025-03-21,North,Online,Merch,Tote Bag,3,16.00,48.00
SO-00293,2025-03-21,South,Online,Merch,Logo Mug,1,12.00,12.00
SO-00294,2025-03-22,West,In-store,Equipment,Burr Grinder,1,89.00,89.00
SO-00295,2025-03-22,North,Online,Tea,Green Tea Tin,2,11.00,22.00
SO-00296,2025-03-22,South,In-store,Equipment,Pour-Over Kit,1,42.00,42.00
SO-00297,2025-03-22,South,Online,Coffee,Single Origin 12 oz,1,18.50,18.50
SO-00298,2025-03-23,East,In-store,Merch,Tote Bag,4,16.00,64.00
SO-00299,2025-03-23,South,Online,Coffee,Single Origin 12 oz,1,18.50,18.50
SO-00300,2025-03-23,North,Online,Tea,Chai Concentrate,1,9.50,9.50
SO-00301,2025-03-23,West,Online,Tea,Green Tea Tin,1,11.00,11.00
SO-00302,2025-03-23,North,In-store,Coffee,Single Origin 12 oz,2,18.50,37.00
SO-00303,2025-03-23,East,Online,Coffee,House Blend 1 lb,3,14.00,42.00
SO-00304,2025-03-24,North,In-store,Equipment,Pour-Over Kit,1,42.00,42.00
SO-00305,2025-03-24,West,Online,Equipment,Burr Grinder,1,89.00,89.00
SO-00306,2025-03-24,North,In-store,Merch,Tote Bag,1,16.00,16.00
SO-00307,2025-03-24,West,Online,Coffee,House Blend 1 lb,2,14.00,28.00
SO-00308,2025-03-24,North,In-store,Equipment,Pour-Over Kit,6,42.00,252.00
SO-00309,2025-03-24,South,Online,Equipment,Burr Grinder,1,89.00,89.00
SO-00310,2025-03-25,North,In-store,Tea,Green Tea Tin,1,11.00,11.00
SO-00311,2025-03-25,North,In-store,Merch,Tote Bag,2,16.00,32.00
SO-00312,2025-03-25,North,Online,Equipment,Pour-Over Kit,2,42.00,84.00
SO-00313,2025-03-25,East,Online,Coffee,Single Origin 12 oz,1,18.50,18.50
SO-00314,2025-03-26,North,In-store,Equipment,Burr Grinder,4,89.00,356.00
SO-00315,2025-03-26,East,Online,Merch,Tote Bag,1,16.00,16.00
SO-00316,2025-03-26,West,In-store,Equipment,Burr Grinder,4,89.00,356.00
SO-00317,2025-03-27,East,Online,Tea,Chai Concentrate,3,9.50,28.50
SO-00318,2025-03-27,South,In-store,Merch,Tote Bag,1,16.00,16.00
SO-00319,2025-03-27,North,Online,Tea,Green Tea Tin,1,11.00,11.00
SO-00320,2025-03-27,North,Online,Equipment,Pour-Over Kit,1,42.00,42.00
SO-00321,2025-03-27,East,In-store,Coffee,House Blend 1 lb,6,14.00,84.00
SO-00322,2025-03-28,South,Online,Equipment,Burr Grinder,1,89.00,89.00
SO-00323,2025-03-28,South,Online,Equipment,Pour-Over Kit,1,42.00,42.00
SO-00324,2025-03-28,East,In-store,Coffee,House Blend 1 lb,1,14.00,14.00
SO-00325,2025-03-28,North,In-store,Tea,Green Tea Tin,3,11.00,33.00
SO-00326,2025-03-28,East,Online,Tea,Chai Concentrate,3,9.50,28.50
SO-00327,2025-03-29,North,In-store,Tea,Chai Concentrate,4,9.50,38.00
SO-00328,2025-03-29,North,In-store,Merch,Logo Mug,4,12.00,48.00
SO-00329,2025-03-29,South,In-store,Equipment,Burr Grinder,3,89.00,267.00
SO-00330,2025-03-29,East,Online,Equipment,Pour-Over Kit,1,42.00,42.00
SO-00331,2025-03-29,South,In-store,Merch,Tote Bag,1,16.00,16.00
SO-00332,2025-03-30,South,In-store,Tea,Green Tea Tin,1,11.00,11.00
SO-00333,2025-03-30,East,In-store,Coffee,Single Origin 12 oz,3,18.50,55.50
SO-00334,2025-03-30,South,Online,Merch,Logo Mug,1,12.00,12.00
SO-00335,2025-03-31,West,In-store,Merch,Logo Mug,2,12.00,24.00
SO-00336,2025-03-31,North,In-store,Coffee,Single Origin 12 oz,1,18.50,18.50
SO-00337,2025-03-31,North,Online,Tea,Chai Concentrate,1,9.50,9.50
SO-00338,2025-03-31,South,In-store,Tea,Chai Concentrate,2,9.50,19.00
SO-00339,2025-04-01,South,Online,Tea,Green Tea Tin,1,11.00,11.00
SO-00340,2025-04-01,South,In-store,Merch,Tote Bag,1,16.00,16.00
SO-00341,2025-04-01,East,Online,Equipment,Burr Grinder,1,89.00,89.00
SO-00342,2025-04-02,West,Online,Equipment,Pour-Over Kit,1,42.00,42.00
SO-00343,2025-04-02,South,In-store,Merch,Tote Bag,1,16.00,16.00
SO-00344,2025-04-02,North,In-store,Coffee,Single Origin 12 oz,1,18.50,18.50
SO-00345,2025-04-02,East,Online,Coffee,Single Origin 12 oz,1,18.50,18.50
SO-00346,2025-04-03,North,Online,Equipment,Burr Grinder,6,89.00,534.00
SO-00347,2025-04-03,West,Online,Merch,Logo Mug,2,12.00,24.00
SO-00348,2025-04-03,North,In-store,Tea,Green Tea Tin,1,11.00,11.00
SO-00349,2025-04-03,North,Online,Coffee,House Blend 1 lb,1,14.00,14.00
SO-00350,2025-04-04,North,In-store,Equipment,Pour-Over Kit,1,42.00,42.00
SO-00351,2025-04-04,East,Online,Equipment,Pour-Over Kit,1,42.00,42.00
SO-00352,2025-04-04,South,Online,Merch,Tote Bag,3,16.00,48.00
SO-00353,2025-04-04,South,In-store,Merch,Logo Mug,1,12.00,12.00
SO-00354,2025-04-05,East,In-store,Coffee,House Blend 1 lb,4,14.00,56.00
SO-00355,2025-04-05,East,In-store,Coffee,House Blend 1 lb,1,14.00,14.00
SO-00356,2025-04-05,East,Online,Merch,Logo Mug,2,12.00,24.00
SO-00357,2025-04-05,West,Online,Tea,Chai Concentrate,2,9.50,19.00
SO-00358,2025-04-06,South,In-store,Tea,Chai Concentrate,1,9.50,9.50
SO-00359,2025-04-06,North,Online,Tea,Chai Concentrate,6,9.50,57.00
SO-00360,2025-04-06,West,Online,Coffee,House Blend 1 lb,1,14.00,14.00
SO-00361,2025-04-06,East,Online,Coffee,Single Origin 12 oz,1,18.50,18.50
SO-00362,2025-04-06,South,Online,Merch,Tote Bag,1,16.00,16.00
SO-00363,2025-04-06,North,Online,Merch,Tote Bag,1,16.00,16.00
SO-00364,2025-04-07,East,Online,Tea,Chai Concentrate,1,9.50,9.50
SO-00365,2025-04-07,West,In-store,Equipment,Pour-Over Kit,1,42.00,42.00
SO-00366,2025-04-07,East,In-store,Merch,Logo Mug,1,12.00,12.00
SO-00367,2025-04-08,West,Online,Merch,Tote Bag,2,16.00,32.00
SO-00368,2025-04-08,South,In-store,Tea,Green Tea Tin,3,11.00,33.00
SO-00369,2025-04-08,South,In-store,Merch,Logo Mug,1,12.00,12.00
SO-00370,2025-04-09,South,In-store,Merch,Logo Mug,1,12.00,12.00
SO-00371,2025-04-09,North,In-store,Coffee,Single Origin 12 oz,1,18.50,18.50
SO-00372,2025-04-09,South,In-store,Merch,Tote Bag,2,16.00,32.00
SO-00373,2025-04-09,West,In-store,Tea,Chai Concentrate,2,9.50,19.00
SO-00374,2025-04-09,East,In-store,Coffee,House Blend 1 lb,1,14.00,14.00
SO-00375,2025-04-09,East,Online,Tea,Green Tea Tin,1,11.00,11.00
SO-00376,2025-04-10,North,In-store,Tea,Chai Concentrate,1,9.50,9.50
SO-00377,2025-04-10,East,Online,Equipment,Pour-Over Kit,2,42.00,84.00
SO-00378,2025-04-10,East,Online,Merch,Tote Bag,1,16.00,16.00
SO-00379,2025-04-10,West,In-store,Merch,Tote Bag,1,16.00,16.00
SO-00380,2025-04-11,South,Online,Merch,Logo Mug,2,12.00,24.00
SO-00381,2025-04-11,East,In-store,Equipment,Pour-Over Kit,2,42.00,84.00
SO-00382,2025-04-11,East,Online,Tea,Chai Concentrate,3,9.50,28.50
SO-00383,2025-04-11,South,In-store,Merch,Logo Mug,6,12.00,72.00
SO-00384,2025-04-11,North,In-store,Merch,Tote Bag,1,16.00,16.00
SO-00385,2025-04-12,North,In-store,Tea,Chai Concentrate,1,9.50,9.50
SO-00386,2025-04-12,North,Online,Merch,Tote Bag,6,16.00,96.00
SO-00387,2025-04-12,North,Online,Merch,Logo Mug,1,12.00,12.00
SO-00388,2025-04-12,West,Online,Coffee,House Blend 1 lb,2,14.00,28.00
SO-00389,2025-04-12,South,In-store,Equipment,Burr Grinder,2,89.00,178.00
SO-00390,2025-04-12,North,In-store,Merch,Tote Bag,2,16.00,32.00
SO-00391,2025-04-12,South,In-store,Merch,Logo Mug,2,12.00,24.00
SO-00392,2025-04-13,North,In-store,Tea,Green Tea Tin,1,11.00,11.00
SO-00393,2025-04-13,North,Online,Merch,Logo Mug,1,12.00,12.00
SO-00394,2025-04-13,West,In-store,Merch,Logo Mug,3,12.00,36.00
SO-00395,2025-04-14,East,Online,Coffee,House Blend 1 lb,2,14.00,28.00
SO-00396,2025-04-14,West,Online,Tea,Green Tea Tin,1,11.00,11.00
SO-00397,2025-04-14,East,In-store,Tea,Chai Concentrate,2,9.50,19.00
SO-00398,2025-04-14,South,Online,Equipment,Burr Grinder,1,89.00,89.00
SO-00399,2025-04-14,North,In-store,Tea,Green Tea Tin,4,11.00,44.00
SO-00400,2025-04-15,West,In-store,Tea,Green Tea Tin,1,11.00,11.00
SO-00401,2025-04-15,North,Online,Equipment,Burr Grinder,1,89.00,89.00
SO-00402,2025-04-15,South,In-store,Merch,Tote Bag,1,16.00,16.00
SO-00403,2025-04-15,North,In-store,Equipment,Pour-Over Kit,2,42.00,84.00
SO-00404,2025-04-16,North,In-store,Equipment,Pour-Over Kit,1,42.00,42.00
SO-00405,2025-04-16,West,Online,Coffee,House Blend 1 lb,4,14.00,56.00
SO-00406,2025-04-16,East,In-store,Tea,Green Tea Tin,2,11.00,22.00
SO-00407,2025-04-17,West,In-store,Coffee,Single Origin 12 oz,3,18.50,55.50
SO-00408,2025-04-17,West,In-store,Equipment,Pour-Over Kit,2,42.00,84.00
SO-00409,2025-04-17,East,In-store,Merch,Logo Mug,1,12.00,12.00
SO-00410,2025-04-17,West,In-store,Coffee,House Blend 1 lb,1,14.00,14.00
SO-00411,2025-04-18,South,In-store,Coffee,House Blend 1 lb,3,14.00,42.00
SO-00412,2025-04-18,South,In-store,Equipment,Pour-Over Kit,1,42.00,42.00
SO-00413,2025-04-18,East,In-store,Merch,Tote Bag,1,16.00,16.00
SO-00414,2025-04-18,East,In-store,Equipment,Burr Grinder,2,89.00,178.00
SO-00415,2025-04-18,East,In-store,Coffee,House Blend 1 lb,2,14.00,28.00
SO-00416,2025-04-19,North,Online,Coffee,House Blend 1 lb,1,14.00,14.00
SO-00417,2025-04-19,West,Online,Merch,Logo Mug,2,12.00,24.00
SO-00418,2025-04-19,South,Online,Coffee,House Blend 1 lb,4,14.00,56.00
SO-00419,2025-04-19,East,In-store,Equipment,Pour-Over Kit,4,42.00,168.00
SO-00420,2025-04-19,North,Online,Merch,Logo Mug,1,12.00,12.00
SO-00421,2025-04-20,West,Online,Tea,Green Tea Tin,2,11.00,22.00
SO-00422,2025-04-20,West,In-store,Tea,Chai Concentrate,2,9.50,19.00
SO-00423,2025-04-20,West,Online,Tea,Chai Concentrate,1,9.50,9.50
SO-00424,2025-04-20,South,In-store,Tea,Green Tea Tin,6,11.00,66.00
SO-00425,2025-04-20,South,In-store,Tea,Green Tea Tin,1,11.00,11.00
SO-00426,2025-04-21,North,In-store,Equipment,Pour-Over Kit,1,42.00,42.00
SO-00427,2025-04-21,East,Online,Tea,Chai Concentrate,2,9.50,19.00
SO-00428,2025-04-21,West,In-store,Equipment,Pour-Over Kit,1,42.00,42.00
SO-00429,2025-04-21,South,In-store,Merch,Logo Mug,3,12.00,36.00
SO-00430,2025-04-21,North,In-store,Tea,Chai Concentrate,1,9.50,9.50
SO-00431,2025-04-21,North,In-store,Tea,Chai Concentrate,1,9.50,9.50
SO-00432,2025-04-22,West,In-store,Coffee,Single Origin 12 oz,1,18.50,18.50
SO-00433,2025-04-22,North,In-store,Merch,Tote Bag,1,16.00,16.00
SO-00434,2025-04-22,West,Online,Tea,Green Tea Tin,2,11.00,22.00
SO-00435,2025-04-22,East,Online,Tea,Chai Concentrate,1,9.50,9.50
SO-00436,2025-04-22,West,In-store,Equipment,Burr Grinder,3,89.00,267.00
SO-00437,2025-04-22,West,Online,Tea,Green Tea Tin,2,11.00,22.00
SO-00438,2025-04-23,West,Online,Equipment,Burr Grinder,1,89.00,89.00
SO-00439,2025-04-23,South,Online,Merch,Logo Mug,2,12.00,24.00
SO-00440,2025-04-23,East,Online,Merch,Tote Bag,1,16.00,16.00
SO-00441,2025-04-23,South,Online,Merch,Logo Mug,6,12.00,72.00
SO-00442,2025-04-24,North,In-store,Merch,Tote Bag,1,16.00,16.00
SO-00443,2025-04-24,South,Online,Coffee,Single Origin 12 oz,1,18.50,18.50
SO-00444,2025-04-24,East,In-store,Tea,Green Tea Tin,1,11.00,11.00
SO-00445,2025-04-25,North,In-store,Merch,Tote Bag,1,16.00,16.00
SO-00446,2025-04-25,East,In-store,Equipment,Burr Grinder,2,89.00,178.00
SO-00447,2025-04-25,West,Online,Merch,Tote Bag,1,16.00,16.00
SO-00448,2025-04-25,East,Online,Equipment,Pour-Over Kit,1,42.00,42.00
SO-00449,2025-04-26,North,In-store,Equipment,Pour-Over Kit,1,42.00,42.00
SO-00450,2025-04-26,South,In-store,Equipment,Pour-Over Kit,2,42.00,84.00
SO-00451,2025-04-26,East,Online,Coffee,House Blend 1 lb,1,14.00,14.00
SO-00452,2025-04-26,South,Online,Tea,Green Tea Tin,1,11.00,11.00
SO-00453,2025-04-26,East,In-store,Coffee,Single Origin 12 oz,1,18.50,18.50
SO-00454,2025-04-26,South,Online,Coffee,Single Origin 12 oz,1,18.50,18.50
SO-00455,2025-04-27,North,Online,Equipment,Pour-Over Kit,6,42.00,252.00
SO-00456,2025-04-27,South,Online,Coffee,House Blend 1 lb,2,14.00,28.00
SO-00457,2025-04-27,North,Online,Coffee,House Blend 1 lb,2,14.00,28.00
SO-00458,2025-04-27,East,Online,Coffee,House Blend 1 lb,3,14.00,42.00
SO-00459,2025-04-27,East,Online,Coffee,House Blend 1 lb,1,14.00,14.00
SO-00460,2025-04-28,East,In-store,Equipment,Pour-Over Kit,4,42.00,168.00
SO-00461,2025-04-28,East,In-store,Merch,Tote Bag,1,16.00,16.00
SO-00462,2025-04-28,East,Online,Equipment,Burr Grinder,1,89.00,89.00
SO-00463,2025-04-28,West,In-store,Merch,Tote Bag,3,16.00,48.00
SO-00464,2025-04-28,West,Online,Equipment,Burr Grinder,1,89.00,89.00
SO-00465,2025-04-28,West,In-store,Coffee,Single Origin 12 oz,2,18.50,37.00
SO-00466,2025-04-28,East,In-store,Coffee,House Blend 1 lb,4,14.00,56.00
SO-00467,2025-04-29,East,Online,Tea,Green Tea Tin,3,11.00,33.00
SO-00468,2025-04-29,East,Online,Tea,Green Tea Tin,6,11.00,66.00
SO-00469,2025-04-29,West,In-store,Tea,Chai Concentrate,1,9.50,9.50
SO-00470,2025-04-30,East,Online,Tea,Green Tea Tin,3,11.00,33.00
SO-00471,2025-04-30,North,Online,Tea,Green Tea Tin,1,11.00,11.00
SO-00472,2025-04-30,West,In-store,Coffee,House Blend 1 lb,4,14.00,56.00
SO-00473,2025-05-01,South,In-store,Tea,Chai Concentrate,1,9.50,9.50
SO-00474,2025-05-01,North,Online,Coffee,House Blend 1 lb,1,14.00,14.00
SO-00475,2025-05-01,South,In-store,Equipment,Pour-Over Kit,1,42.00,42.00
SO-00476,2025-05-01,East,In-store,Merch,Logo Mug,2,12.00,24.00
SO-00477,2025-05-01,North,Online,Tea,Green Tea Tin,1,11.00,11.00
SO-00478,2025-05-02,East,Online,Tea,Chai Concentrate,2,9.50,19.00
SO-00479,2025-05-02,North,In-store,Equipment,Pour-Over Kit,3,42.00,126.00
SO-00480,2025-05-02,South,Online,Tea,Chai Concentrate,1,9.50,9.50
SO-00481,2025-05-03,East,Online,Coffee,Single Origin 12 oz,1,18.50,18.50
SO-00482,2025-05-03,South,In-store,Equipment,Burr Grinder,1,89.00,89.00
SO-00483,2025-05-03,North,In-store,Tea,Chai Concentrate,1,9.50,9.50
SO-00484,2025-05-03,South,Online,Coffee,House Blend 1 lb,4,14.00,56.00
SO-00485,2025-05-04,East,Online,Equipment,Pour-Over Kit,1,42.00,42.00
SO-00486,2025-05-04,North,Online,Equipment,Pour-Over Kit,3,42.00,126.00
SO-00487,2025-05-04,West,In-store,Equipment,Pour-Over Kit,1,42.00,42.00
SO-00488,2025-05-04,North,In-store,Tea,Chai Concentrate,1,9.50,9.50
SO-00489,2025-05-05,East,Online,Merch,Logo Mug,1,12.00,12.00
SO-00490,2025-05-05,East,Online,Merch,Logo Mug,1,12.00,12.00
SO-00491,2025-05-05,North,Online,Equipment,Pour-Over Kit,3,42.00,126.00
SO-00492,2025-05-05,South,Online,Tea,Chai Concentrate,3,9.50,28.50
SO-00493,2025-05-06,East,Online,Tea,Green Tea Tin,3,11.00,33.00
SO-00494,2025-05-06,South,Online,Equipment,Pour-Over Kit,4,42.00,168.00
SO-00495,2025-05-06,North,In-store,Tea,Green Tea Tin,3,11.00,33.00
SO-00496,2025-05-06,West,In-store,Equipment,Burr Grinder,1,89.00,89.00
SO-00497,2025-05-06,North,In-store,Tea,Chai Concentrate,1,9.50,9.50
SO-00498,2025-05-07,South,In-store,Tea,Green Tea Tin,2,11.00,22.00
SO-00499,2025-05-07,West,In-store,Tea,Green Tea Tin,4,11.00,44.00
SO-00500,2025-05-07,West,In-store,Equipment,Pour-Over Kit,1,42.00,42.00
SO-00501,2025-05-07,East,In-store,Tea,Chai Concentrate,6,9.50,57.00
SO-00502,2025-05-07,East,In-store,Coffee,House Blend 1 lb,1,14.00,14.00
SO-00503,2025-05-07,North,Online,Equipment,Burr Grinder,1,89.00,89.00
SO-00504,2025-05-07,East,Online,Equipment,Burr Grinder,4,89.00,356.00
SO-00505,2025-05-08,West,In-store,Tea,Chai Concentrate,1,9.50,9.50
SO-00506,2025-05-08,North,In-store,Merch,Tote Bag,3,16.00,48.00
SO-00507,2025-05-08,East,Online,Tea,Green Tea Tin,1,11.00,11.00
SO-00508,2025-05-08,South,Online,Tea,Chai Concentrate,4,9.50,38.00
SO-00509,2025-05-08,North,In-store,Coffee,House Blend 1 lb,1,14.00,14.00
SO-00510,2025-05-09,North,Online,Tea,Green Tea Tin,1,11.00,11.00
SO-00511,2025-05-09,East,In-store,Coffee,House Blend 1 lb,1,14.00,14.00
SO-00512,2025-05-09,West,In-store,Tea,Green Tea Tin,1,11.00,11.00
SO-00513,2025-05-09,North,Online,Tea,Chai Concentrate,6,9.50,57.00
SO-00514,2025-05-10,North,In-store,Merch,Logo Mug,2,12.00,24.00
SO-00515,2025-05-10,North,In-store,Tea,Chai Concentrate,3,9.50,28.50
SO-00516,2025-05-10,West,In-store,Tea,Chai Concentrate,1,9.50,9.50
SO-00517,2025-05-10,South,In-store,Equipment,Pour-Over Kit,4,42.00,168.00
SO-00518,2025-05-10,West,Online,Tea,Chai Concentrate,1,9.50,9.50
SO-00519,2025-05-10,South,Online,Coffee,House Blend 1 lb,6,14.00,84.00
SO-00520,2025-05-11,North,In-store,Coffee,Single Origin 12 oz,1,18.50,18.50
SO-00521,2025-05-11,East,In-store,Merch,Tote Bag,2,16.00,32.00
SO-00522,2025-05-11,East,In-store,Tea,Green Tea Tin,1,11.00,11.00
SO-00523,2025-05-11,West,In-store,Merch,Tote Bag,2,16.00,32.00
SO-00524,2025-05-12,South,In-store,Merch,Logo Mug,2,12.00,24.00
SO-00525,2025-05-12,East,In-store,Coffee,House Blend 1 lb,1,14.00,14.00
SO-00526,2025-05-12,East,Online,Merch,Tote Bag,2,16.00,32.00
SO-00527,2025-05-12,East,Online,Tea,Chai Concentrate,1,9.50,9.50
SO-00528,2025-05-12,North,Online,Coffee,House Blend 1 lb,2,14.00,28.00
SO-00529,2025-05-12,East,Online,Tea,Chai Concentrate,1,9.50,9.50
SO-00530,2025-05-13,East,In-store,Merch,Tote Bag,2,16.00,32.00
SO-00531,2025-05-13,North,In-store,Tea,Chai Concentrate,6,9.50,57.00
SO-00532,2025-05-13,East,Online,Coffee,House Blend 1 lb,3,14.00,42.00
SO-00533,2025-05-13,West,In-store,Tea,Green Tea Tin,1,11.00,11.00
SO-00534,2025-05-13,South,Online,Merch,Logo Mug,2,12.00,24.00
SO-00535,2025-05-14,East,Online,Tea,Chai Concentrate,3,9.50,28.50
SO-00536,2025-05-14,North,Online,Coffee,Single Origin 12 oz,1,18.50,18.50
SO-00537,2025-05-14,South,In-store,Merch,Logo Mug,2,12.00,24.00
SO-00538,2025-05-14,South,Online,Equipment,Burr Grinder,2,89.00,178.00
SO-00539,2025-05-15,South,Online,Merch,Logo Mug,1,12.00,12.00
SO-00540,2025-05-15,East,Online,Tea,Chai Concentrate,2,9.50,19.00
SO-00541,2025-05-15,West,In-store,Tea,Chai Concentrate,2,9.50,19.00
SO-00542,2025-05-15,East,In-store,Coffee,Single Origin 12 oz,1,18.50,18.50
SO-00543,2025-05-16,North,In-store,Coffee,Single Origin 12 oz,1,18.50,18.50
SO-00544,2025-05-16,North,In-store,Coffee,House Blend 1 lb,1,14.00,14.00
SO-00545,2025-05-16,East,Online,Equipment,Pour-Over Kit,1,42.00,42.00
SO-00546,2025-05-16,North,In-store,Equipment,Pour-Over Kit,1,42.00,42.00
SO-00547,2025-05-17,East,Online,Equipment,Pour-Over Kit,3,42.00,126.00
SO-00548,2025-05-17,South,In-store,Merch,Logo Mug,2,12.00,24.00
SO-00549,2025-05-17,North,In-store,Coffee,House Blend 1 lb,2,14.00,28.00
SO-00550,2025-05-17,East,In-store,Coffee,Single Origin 12 oz,1,18.50,18.50
SO-00551,2025-05-17,East,Online,Merch,Tote Bag,1,16.00,16.00
SO-00552,2025-05-18,West,In-store,Tea,Chai Concentrate,1,9.50,9.50
SO-00553,2025-05-18,East,In-store,Equipment,Burr Grinder,1,89.00,89.00
SO-00554,2025-05-18,East,Online,Coffee,Single Origin 12 oz,1,18.50,18.50
SO-00555,2025-05-18,East,In-store,Tea,Green Tea Tin,1,11.00,11.00
SO-00556,2025-05-18,East,Online,Merch,Logo Mug,1,12.00,12.00
SO-00557,2025-05-19,East,In-store,Merch,Tote Bag,4,16.00,64.00
SO-00558,2025-05-19,West,Online,Coffee,House Blend 1 lb,1,14.00,14.00
SO-00559,2025-05-19,West,In-store,Equipment,Burr Grinder,3,89.00,267.00
SO-00560,2025-05-19,South,In-store,Coffee,Single Origin 12 oz,4,18.50,74.00
SO-00561,2025-05-20,North,In-store,Tea,Chai Concentrate,1,9.50,9.50
SO-00562,2025-05-20,West,In-store,Coffee,House Blend 1 lb,6,14.00,84.00
SO-00563,2025-05-20,North,Online,Merch,Logo Mug,1,12.00,12.00
SO-00564,2025-05-20,East,In-store,Merch,Tote Bag,1,16.00,16.00
SO-00565,2025-05-20,South,In-store,Tea,Green Tea Tin,6,11.00,66.00
SO-00566,2025-05-21,East,Online,Merch,Tote Bag,4,16.00,64.00
SO-00567,2025-05-21,East,Online,Equipment,Pour-Over Kit,2,42.00,84.00
SO-00568,2025-05-21,East,In-store,Equipment,Burr Grinder,2,89.00,178.00
SO-00569,2025-05-21,East,In-store,Equipment,Burr Grinder,1,89.00,89.00
SO-00570,2025-05-22,South,Online,Merch,Tote Bag,1,16.00,16.00
SO-00571,2025-05-22,East,In-store,Tea,Green Tea Tin,2,11.00,22.00
SO-00572,2025-05-22,South,Online,Merch,Tote Bag,1,16.00,16.00
SO-00573,2025-05-22,South,In-store,Tea,Green Tea Tin,1,11.00,11.00
SO-00574,2025-05-22,North,Online,Merch,Logo Mug,1,12.00,12.00
SO-00575,2025-05-23,West,In-store,Tea,Green Tea Tin,2,11.00,22.00
SO-00576,2025-05-23,West,Online,Equipment,Pour-Over Kit,1,42.00,42.00
SO-00577,2025-05-23,North,Online,Merch,Tote Bag,1,16.00,16.00
SO-00578,2025-05-23,East,In-store,Equipment,Burr Grinder,1,89.00,89.00
SO-00579,2025-05-23,North,In-store,Equipment,Pour-Over Kit,3,42.00,126.00
SO-00580,2025-05-24,North,Online,Merch,Tote Bag,1,16.00,16.00
SO-00581,2025-05-24,West,Online,Merch,Tote Bag,2,16.00,32.00
SO-00582,2025-05-24,East,Online,Coffee,House Blend 1 lb,4,14.00,56.00
SO-00583,2025-05-24,North,Online,Coffee,House Blend 1 lb,1,14.00,14.00
SO-00584,2025-05-24,East,Online,Merch,Tote Bag,3,16.00,48.00
SO-00585,2025-05-24,North,In-store,Coffee,Single Origin 12 oz,4,18.50,74.00
SO-00586,2025-05-25,North,In-store,Coffee,Single Origin 12 oz,2,18.50,37.00
SO-00587,2025-05-25,West,In-store,Merch,Logo Mug,3,12.00,36.00
SO-00588,2025-05-25,South,Online,Equipment,Pour-Over Kit,2,42.00,84.00
SO-00589,2025-05-25,North,In-store,Equipment,Pour-Over Kit,1,42.00,42.00
SO-00590,2025-05-26,West,Online,Merch,Tote Bag,2,16.00,32.00
SO-00591,2025-05-26,South,In-store,Coffee,Single Origin 12 oz,1,18.50,18.50
SO-00592,2025-05-26,South,Online,Tea,Chai Concentrate,1,9.50,9.50
SO-00593,2025-05-26,West,In-store,Equipment,Pour-Over Kit,1,42.00,42.00
SO-00594,2025-05-26,East,In-store,Merch,Logo Mug,3,12.00,36.00
SO-00595,2025-05-26,West,Online,Equipment,Pour-Over Kit,1,42.00,42.00
SO-00596,2025-05-27,East,Online,Tea,Green Tea Tin,1,11.00,11.00
SO-00597,2025-05-27,East,In-store,Coffee,Single Origin 12 oz,4,18.50,74.00
SO-00598,2025-05-27,East,In-store,Merch,Tote Bag,2,16.00,32.00
SO-00599,2025-05-27,East,Online,Equipment,Burr Grinder,1,89.00,89.00
SO-00600,2025-05-27,East,Online,Equipment,Pour-Over Kit,1,42.00,42.00
SO-00601,2025-05-27,West,In-store,Merch,Logo Mug,4,12.00,48.00
SO-00602,2025-05-27,South,Online,Merch,Tote Bag,2,16.00,32.00
SO-00603,2025-05-28,East,In-store,Tea,Green Tea Tin,1,11.00,11.00
SO-00604,2025-05-28,South,Online,Merch,Logo Mug,1,12.00,12.00
SO-00605,2025-05-28,East,Online,Tea,Chai Concentrate,2,9.50,19.00
SO-00606,2025-05-28,East,In-store,Tea,Chai Concentrate,1,9.50,9.50
SO-00607,2025-05-28,South,In-store,Coffee,House Blend 1 lb,2,14.00,28.00
SO-00608,2025-05-29,East,Online,Tea,Green Tea Tin,6,11.00,66.00
SO-00609,2025-05-29,North,Online,Tea,Green Tea Tin,4,11.00,44.00
SO-00610,2025-05-29,East,Online,Merch,Logo Mug,1,12.00,12.00
SO-00611,2025-05-29,East,Online,Merch,Tote Bag,1,16.00,16.00
SO-00612,2025-05-30,West,In-store,Coffee,Single Origin 12 oz,2,18.50,37.00
SO-00613,2025-05-30,North,In-store,Tea,Chai Concentrate,3,9.50,28.50
SO-00614,2025-05-30,West,In-store,Equipment,Pour-Over Kit,2,42.00,84.00
SO-00615,2025-05-30,South,In-store,Tea,Green Tea Tin,4,11.00,44.00
SO-00616,2025-05-30,West,Online,Merch,Logo Mug,2,12.00,24.00
SO-00617,2025-05-30,East,In-store,Tea,Green Tea Tin,1,11.00,11.00
SO-00618,2025-05-31,North,In-store,Tea,Green Tea Tin,2,11.00,22.00
SO-00619,2025-05-31,North,In-store,Coffee,House Blend 1 lb,6,14.00,84.00
SO-00620,2025-05-31,East,Online,Coffee,Single Origin 12 oz,1,18.50,18.50
SO-00621,2025-05-31,North,In-store,Merch,Logo Mug,3,12.00,36.00
SO-00622,2025-05-31,South,Online,Equipment,Burr Grinder,1,89.00,89.00
SO-00623,2025-06-01,West,Online,Merch,Tote Bag,1,16.00,16.00
SO-00624,2025-06-01,North,Online,Equipment,Pour-Over Kit,1,42.00,42.00
SO-00625,2025-06-01,North,Online,Tea,Chai Concentrate,2,9.50,19.00
SO-00626,2025-06-01,North,Online,Coffee,Single Origin 12 oz,2,18.50,37.00
SO-00627,2025-06-01,East,Online,Equipment,Pour-Over Kit,1,42.00,42.00
SO-00628,2025-06-01,East,In-store,Tea,Chai Concentrate,1,9.50,9.50
SO-00629,2025-06-01,East,Online,Equipment,Burr Grinder,1,89.00,89.00
SO-00630,2025-06-02,South,Online,Merch,Logo Mug,1,12.00,12.00
SO-00631,2025-06-02,East,In-store,Coffee,House Blend 1 lb,2,14.00,28.00
SO-00632,2025-06-02,West,In-store,Equipment,Pour-Over Kit,1,42.00,42.00
SO-00633,2025-06-02,South,Online,Tea,Green Tea Tin,2,11.00,22.00
SO-00634,2025-06-03,South,Online,Merch,Logo Mug,1,12.00,12.00
SO-00635,2025-06-03,South,Online,Coffee,Single Origin 12 oz,2,18.50,37.00
SO-00636,2025-06-03,North,Online,Tea,Chai Concentrate,1,9.50,9.50
SO-00637,2025-06-04,North,Online,Merch,Logo Mug,4,12.00,48.00
SO-00638,2025-06-04,East,In-store,Tea,Chai Concentrate,1,9.50,9.50
SO-00639,2025-06-04,North,Online,Tea,Chai Concentrate,1,9.50,9.50
SO-00640,2025-06-05,East,In-store,Coffee,House Blend 1 lb,1,14.00,14.00
SO-00641,2025-06-05,East,In-store,Coffee,Single Origin 12 oz,3,18.50,55.50
SO-00642,2025-06-05,West,Online,Tea,Green Tea Tin,1,11.00,11.00
SO-00643,2025-06-05,West,In-store,Tea,Green Tea Tin,1,11.00,11.00
SO-00644,2025-06-05,North,In-store,Equipment,Burr Grinder,1,89.00,89.00
SO-00645,2025-06-06,South,Online,Tea,Chai Concentrate,2,9.50,19.00
SO-00646,2025-06-06,West,Online,Equipment,Pour-Over Kit,1,42.00,42.00
SO-00647,2025-06-06,South,In-store,Tea,Green Tea Tin,1,11.00,11.00
SO-00648,2025-06-06,North,In-store,Merch,Logo Mug,2,12.00,24.00
SO-00649,2025-06-07,East,In-store,Merch,Logo Mug,1,12.00,12.00
SO-00650,2025-06-07,West,Online,Tea,Green Tea Tin,1,11.00,11.00
SO-00651,2025-06-07,West,Online,Equipment,Pour-Over Kit,1,42.00,42.00
SO-00652,2025-06-08,East,Online,Merch,Tote Bag,2,16.00,32.00
SO-00653,2025-06-08,West,Online,Coffee,Single Origin 12 oz,1,18.50,18.50
SO-00654,2025-06-08,East,In-store,Coffee,Single Origin 12 oz,4,18.50,74.00
SO-00655,2025-06-08,South,Online,Coffee,Single Origin 12 oz,2,18.50,37.00
SO-00656,2025-06-08,North,In-store,Merch,Tote Bag,1,16.00,16.00
SO-00657,2025-06-09,North,In-store,Coffee,House Blend 1 lb,1,14.00,14.00
SO-00658,2025-06-09,South,In-store,Equipment,Burr Grinder,1,89.00,89.00
SO-00659,2025-06-09,East,In-store,Coffee,House Blend 1 lb,1,14.00,14.00
SO-00660,2025-06-09,East,In-store,Equipment,Pour-Over Kit,3,42.00,126.00
SO-00661,2025-06-09,East,Online,Equipment,Pour-Over Kit,3,42.00,126.00
SO-00662,2025-06-10,South,Online,Merch,Tote Bag,3,16.00,48.00
SO-00663,2025-06-10,East,Online,Tea,Green Tea Tin,2,11.00,22.00
SO-00664,2025-06-10,East,Online,Coffee,House Blend 1 lb,1,14.00,14.00
SO-00665,2025-06-10,South,In-store,Equipment,Burr Grinder,1,89.00,89.00
SO-00666,2025-06-11,North,In-store,Equipment,Pour-Over Kit,1,42.00,42.00
SO-00667,2025-06-11,North,Online,Equipment,Pour-Over Kit,4,42.00,168.00
SO-00668,2025-06-11,West,Online,Coffee,House Blend 1 lb,3,14.00,42.00
SO-00669,2025-06-11,East,In-store,Coffee,House Blend 1 lb,4,14.00,56.00
SO-00670,2025-06-11,East,Online,Merch,Logo Mug,2,12.00,24.00
SO-00671,2025-06-12,South,In-store,Tea,Chai Concentrate,1,9.50,9.50
SO-00672,2025-06-13,East,Online,Merch,Logo Mug,2,12.00,24.00
SO-00673,2025-06-13,East,In-store,Equipment,Burr Grinder,1,89.00,89.00
SO-00674,2025-06-13,North,Online,Equipment,Burr Grinder,3,89.00,267.00
SO-00675,2025-06-13,South,Online,Coffee,Single Origin 12 oz,6,18.50,111.00
SO-00676,2025-06-13,South,In-store,Merch,Logo Mug,2,12.00,24.00
SO-00677,2025-06-14,South,In-store,Tea,Green Tea Tin,6,11.00,66.00
SO-00678,2025-06-14,East,Online,Merch,Tote Bag,1,16.00,16.00
SO-00679,2025-06-15,North,In-store,Tea,Chai Concentrate,4,9.50,38.00
SO-00680,2025-06-15,West,In-store,Coffee,House Blend 1 lb,3,14.00,42.00
SO-00681,2025-06-15,East,In-store,Tea,Green Tea Tin,6,11.00,66.00
SO-00682,2025-06-15,South,Online,Equipment,Burr Grinder,1,89.00,89.00
SO-00683,2025-06-16,East,Online,Equipment,Burr Grinder,6,89.00,534.00
SO-00684,2025-06-16,South,In-store,Coffee,House Blend 1 lb,2,14.00,28.00
SO-00685,2025-06-16,East,In-store,Coffee,Single Origin 12 oz,1,18.50,18.50
SO-00686,2025-06-17,South,Online,Coffee,House Blend 1 lb,1,14.00,14.00
SO-00687,2025-06-17,North,In-store,Tea,Green Tea Tin,1,11.00,11.00
SO-00688,2025-06-17,North,Online,Coffee,House Blend 1 lb,2,14.00,28.00
SO-00689,2025-06-17,North,In-store,Coffee,Single Origin 12 oz,2,18.50,37.00
SO-00690,2025-06-18,South,In-store,Equipment,Pour-Over Kit,2,42.00,84.00
SO-00691,2025-06-18,North,Online,Coffee,House Blend 1 lb,1,14.00,14.00
SO-00692,2025-06-18,West,Online,Equipment,Burr Grinder,1,89.00,89.00
SO-00693,2025-06-19,North,In-store,Tea,Chai Concentrate,1,9.50,9.50
SO-00694,2025-06-19,East,In-store,Merch,Tote Bag,3,16.00,48.00
SO-00695,2025-06-19,South,Online,Equipment,Burr Grinder,1,89.00,89.00
SO-00696,2025-06-19,South,Online,Tea,Green Tea Tin,4,11.00,44.00
SO-00697,2025-06-19,South,In-store,Tea,Green Tea Tin,1,11.00,11.00
SO-00698,2025-06-19,North,In-store,Equipment,Pour-Over Kit,2,42.00,84.00
SO-00699,2025-06-19,East,In-store,Tea,Green Tea Tin,1,11.00,11.00
SO-00700,2025-06-20,South,In-store,Coffee,Single Origin 12 oz,3,18.50,55.50
SO-00701,2025-06-20,West,In-store,Merch,Tote Bag,2,16.00,32.00
SO-00702,2025-06-20,North,Online,Merch,Logo Mug,1,12.00,12.00
SO-00703,2025-06-21,East,Online,Equipment,Burr Grinder,3,89.00,267.00
SO-00704,2025-06-21,East,Online,Coffee,Single Origin 12 oz,2,18.50,37.00
SO-00705,2025-06-21,North,In-store,Coffee,House Blend 1 lb,2,14.00,28.00
SO-00706,2025-06-21,North,In-store,Coffee,Single Origin 12 oz,1,18.50,18.50
SO-00707,2025-06-22,South,In-store,Merch,Logo Mug,1,12.00,12.00
SO-00708,2025-06-22,West,In-store,Coffee,House Blend 1 lb,4,14.00,56.00
SO-00709,2025-06-22,South,In-store,Tea,Chai Concentrate,2,9.50,19.00
SO-00710,2025-06-22,North,In-store,Tea,Green Tea Tin,3,11.00,33.00
SO-00711,2025-06-23,North,Online,Merch,Tote Bag,1,16.00,16.00
SO-00712,2025-06-23,South,In-store,Merch,Tote Bag,2,16.00,32.00
SO-00713,2025-06-24,South,In-store,Equipment,Burr Grinder,1,89.00,89.00
SO-00714,2025-06-24,North,In-store,Equipment,Burr Grinder,1,89.00,89.00
SO-00715,2025-06-24,South,Online,Merch,Logo Mug,1,12.00,12.00
SO-00716,2025-06-24,North,Online,Coffee,Single Origin 12 oz,4,18.50,74.00
SO-00717,2025-06-24,West,Online,Equipment,Burr Grinder,1,89.00,89.00
SO-00718,2025-06-25,North,In-store,Merch,Logo Mug,1,12.00,12.00
SO-00719,2025-06-25,East,In-store,Merch,Logo Mug,4,12.00,48.00
SO-00720,2025-06-25,West,Online,Equipment,Burr Grinder,4,89.00,356.00
SO-00721,2025-06-25,East,Online,Coffee,House Blend 1 lb,1,14.00,14.00
SO-00722,2025-06-26,East,Online,Equipment,Pour-Over Kit,2,42.00,84.00
SO-00723,2025-06-26,West,In-store,Tea,Green Tea Tin,1,11.00,11.00
SO-00724,2025-06-26,North,In-store,Coffee,Single Origin 12 oz,1,18.50,18.50
SO-00725,2025-06-26,South,In-store,Tea,Green Tea Tin,1,11.00,11.00
SO-00726,2025-06-26,East,Online,Coffee,House Blend 1 lb,1,14.00,14.00
SO-00727,2025-06-27,West,In-store,Coffee,Single Origin 12 oz,2,18.50,37.00
SO-00728,2025-06-27,East,Online,Coffee,House Blend 1 lb,1,14.00,14.00
SO-00729,2025-06-27,East,In-store,Coffee,Single Origin 12 oz,2,18.50,37.00
SO-00730,2025-06-27,West,Online,Tea,Green Tea Tin,1,11.00,11.00
SO-00731,2025-06-27,West,Online,Equipment,Burr Grinder,1,89.00,89.00
SO-00732,2025-06-28,West,In-store,Tea,Green Tea Tin,1,11.00,11.00
SO-00733,2025-06-28,North,Online,Coffee,House Blend 1 lb,1,14.00,14.00
SO-00734,2025-06-28,South,Online,Coffee,House Blend 1 lb,2,14.00,28.00
SO-00735,2025-06-28,South,In-store,Equipment,Burr Grinder,1,89.00,89.00
SO-00736,2025-06-29,West,In-store,Coffee,House Blend 1 lb,1,14.00,14.00
SO-00737,2025-06-29,East,Online,Merch,Tote Bag,2,16.00,32.00
SO-00738,2025-06-30,East,Online,Equipment,Burr Grinder,1,89.00,89.00
SO-00739,2025-06-30,North,Online,Merch,Logo Mug,1,12.00,12.00
SO-00740,2025-06-30,North,Online,Merch,Logo Mug,4,12.00,48.00
SO-00741,2025-06-30,East,Online,Equipment,Burr Grinder,2,89.00,178.00
SO-00742,2025-06-30,East,In-store,Equipment,Pour-Over Kit,1,42.00,42.00
SO-00743,2025-07-01,East,In-store,Merch,Logo Mug,1,12.00,12.00
SO-00744,2025-07-02,South,Online,Coffee,House Blend 1 lb,2,14.00,28.00
SO-00745,2025-07-02,North,Online,Merch,Tote Bag,1,16.00,16.00
SO-00746,2025-07-02,South,In-store,Merch,Tote Bag,2,16.00,32.00
SO-00747,2025-07-02,East,Online,Tea,Green Tea Tin,4,11.00,44.00
SO-00748,2025-07-02,East,Online,Coffee,House Blend 1 lb,1,14.00,14.00
SO-00749,2025-07-03,North,In-store,Coffee,House Blend 1 lb,3,14.00,42.00
SO-00750,2025-07-03,East,In-store,Coffee,Single Origin 12 oz,1,18.50,18.50
SO-00751,2025-07-03,South,In-store,Coffee,Single Origin 12 oz,1,18.50,18.50
SO-00752,2025-07-04,North,In-store,Tea,Green Tea Tin,3,11.00,33.00
SO-00753,2025-07-04,East,Online,Tea,Green Tea Tin,4,11.00,44.00
SO-00754,2025-07-04,South,Online,Tea,Chai Concentrate,3,9.50,28.50
SO-00755,2025-07-04,South,In-store,Tea,Chai Concentrate,1,9.50,9.50
SO-00756,2025-07-05,East,In-store,Tea,Green Tea Tin,3,11.00,33.00
SO-00757,2025-07-05,East,In-store,Coffee,Single Origin 12 oz,1,18.50,18.50
SO-00758,2025-07-05,East,In-store,Coffee,Single Origin 12 oz,2,18.50,37.00
SO-00759,2025-07-05,North,In-store,Tea,Chai Concentrate,1,9.50,9.50
SO-00760,2025-07-05,North,Online,Equipment,Burr Grinder,1,89.00,89.00
SO-00761,2025-07-05,East,Online,Merch,Logo Mug,2,12.00,24.00
SO-00762,2025-07-06,East,In-store,Tea,Green Tea Tin,1,11.00,11.00
SO-00763,2025-07-06,North,Online,Equipment,Burr Grinder,2,89.00,178.00
SO-00764,2025-07-06,West,In-store,Tea,Chai Concentrate,1,9.50,9.50
SO-00765,2025-07-06,East,Online,Coffee,Single Origin 12 oz,2,18.50,37.00
SO-00766,2025-07-06,West,In-store,Coffee,House Blend 1 lb,1,14.00,14.00
SO-00767,2025-07-06,West,Online,Merch,Logo Mug,1,12.00,12.00
SO-00768,2025-07-07,North,Online,Equipment,Burr Grinder,1,89.00,89.00
SO-00769,2025-07-07,West,In-store,Equipment,Pour-Over Kit,1,42.00,42.00
SO-00770,2025-07-08,West,In-store,Coffee,House Blend 1 lb,1,14.00,14.00
SO-00771,2025-07-08,West,Online,Merch,Tote Bag,1,16.00,16.00
SO-00772,2025-07-08,East,In-store,Coffee,Single Origin 12 oz,4,18.50,74.00
SO-00773,2025-07-08,East,In-store,Merch,Logo Mug,1,12.00,12.00
SO-00774,2025-07-08,West,Online,Coffee,House Blend 1 lb,1,14.00,14.00
SO-00775,2025-07-09,East,In-store,Merch,Logo Mug,1,12.00,12.00
SO-00776,2025-07-09,East,Online,Tea,Chai Concentrate,1,9.50,9.50
SO-00777,2025-07-09,North,In-store,Tea,Chai Concentrate,2,9.50,19.00
SO-00778,2025-07-09,East,Online,Coffee,Single Origin 12 oz,2,18.50,37.00
SO-00779,2025-07-09,East,In-store,Merch,Logo Mug,1,12.00,12.00
SO-00780,2025-07-10,North,In-store,Merch,Logo Mug,3,12.00,36.00
SO-00781,2025-07-10,East,In-store,Equipment,Burr Grinder,2,89.00,178.00
SO-00782,2025-07-10,North,In-store,Merch,Tote Bag,2,16.00,32.00
SO-00783,2025-07-10,South,In-store,Merch,Tote Bag,1,16.00,16.00
SO-00784,2025-07-11,East,Online,Coffee,Single Origin 12 oz,1,18.50,18.50
SO-00785,2025-07-11,South,Online,Merch,Logo Mug,1,12.00,12.00
SO-00786,2025-07-11,North,Online,Merch,Logo Mug,2,12.00,24.00
SO-00787,2025-07-12,East,Online,Coffee,House Blend 1 lb,1,14.00,14.00
SO-00788,2025-07-12,North,Online,Equipment,Pour-Over Kit,1,42.00,42.00
SO-00789,2025-07-12,West,Online,Merch,Tote Bag,4,16.00,64.00
SO-00790,2025-07-12,West,In-store,Merch,Tote Bag,3,16.00,48.00
SO-00791,2025-07-13,East,In-store,Equipment,Pour-Over Kit,2,42.00,84.00
SO-00792,2025-07-13,East,Online,Coffee,House Blend 1 lb,1,14.00,14.00
SO-00793,2025-07-13,East,Online,Equipment,Burr Grinder,3,89.00,267.00
SO-00794,2025-07-13,West,Online,Tea,Green Tea Tin,3,11.00,33.00
SO-00795,2025-07-14,East,In-store,Coffee,House Blend 1 lb,3,14.00,42.00
SO-00796,2025-07-15,East,In-store,Equipment,Burr Grinder,3,89.00,267.00
SO-00797,2025-07-15,North,Online,Tea,Chai Concentrate,2,9.50,19.00
SO-00798,2025-07-15,West,Online,Merch,Tote Bag,2,16.00,32.00
SO-00799,2025-07-15,East,In-store,Merch,Logo Mug,3,12.00,36.00
SO-00800,2025-07-16,South,Online,Equipment,Burr Grinder,1,89.00,89.00
SO-00801,2025-07-16,West,In-store,Merch,Tote Bag,4,16.00,64.00
SO-00802,2025-07-16,South,In-store,Equipment,Pour-Over Kit,1,42.00,42.00
SO-00803,2025-07-16,East,Online,Merch,Logo Mug,1,12.00,12.00
SO-00804,2025-07-16,East,In-store,Tea,Green Tea Tin,1,11.00,11.00
SO-00805,2025-07-16,East,Online,Coffee,House Blend 1 lb,1,14.00,14.00
SO-00806,2025-07-17,South,Online,Coffee,House Blend 1 lb,3,14.00,42.00
SO-00807,2025-07-17,East,In-store,Merch,Tote Bag,2,16.00,32.00
SO-00808,2025-07-17,West,Online,Merch,Logo Mug,6,12.00,72.00
SO-00809,2025-07-17,East,In-store,Equipment,Pour-Over Kit,1,42.00,42.00
SO-00810,2025-07-18,North,Online,Merch,Tote Bag,2,16.00,32.00
SO-00811,2025-07-18,West,Online,Tea,Green Tea Tin,3,11.00,33.00
SO-00812,2025-07-19,North,Online,Coffee,House Blend 1 lb,2,14.00,28.00
SO-00813,2025-07-20,West,Online,Coffee,House Blend 1 lb,6,14.00,84.00
SO-00814,2025-07-20,West,Online,Equipment,Pour-Over Kit,4,42.00,168.00
SO-00815,2025-07-20,East,Online,Tea,Chai Concentrate,2,9.50,19.00
SO-00816,2025-07-21,East,In-store,Tea,Green Tea Tin,1,11.00,11.00
SO-00817,2025-07-21,West,Online,Coffee,House Blend 1 lb,2,14.00,28.00
SO-00818,2025-07-22,West,Online,Equipment,Pour-Over Kit,1,42.00,42.00
SO-00819,2025-07-22,North,In-store,Merch,Tote Bag,2,16.00,32.00
SO-00820,2025-07-22,South,Online,Coffee,House Blend 1 lb,1,14.00,14.00
SO-00821,2025-07-23,North,Online,Merch,Tote Bag,2,16.00,32.00
SO-00822,2025-07-23,North,In-store,Merch,Tote Bag,4,16.00,64.00
SO-00823,2025-07-23,North,Online,Tea,Chai Concentrate,1,9.50,9.50
SO-00824,2025-07-23,North,Online,Merch,Logo Mug,2,12.00,24.00
SO-00825,2025-07-24,North,In-store,Tea,Chai Concentrate,4,9.50,38.00
SO-00826,2025-07-24,North,In-store,Tea,Green Tea Tin,1,11.00,11.00
SO-00827,2025-07-24,North,Online,Tea,Green Tea Tin,1,11.00,11.00
SO-00828,2025-07-25,East,In-store,Coffee,House Blend 1 lb,1,14.00,14.00
SO-00829,2025-07-25,North,In-store,Merch,Logo Mug,1,12.00,12.00
SO-00830,2025-07-25,West,Online,Coffee,Single Origin 12 oz,1,18.50,18.50
SO-00831,2025-07-26,East,Online,Coffee,Single Origin 12 oz,1,18.50,18.50
SO-00832,2025-07-26,West,In-store,Equipment,Pour-Over Kit,2,42.00,84.00
SO-00833,2025-07-27,East,Online,Coffee,House Blend 1 lb,3,14.00,42.00
SO-00834,2025-07-27,North,Online,Equipment,Burr Grinder,2,89.00,178.00
SO-00835,2025-07-27,North,Online,Coffee,House Blend 1 lb,2,14.00,28.00
SO-00836,2025-07-28,East,Online,Merch,Tote Bag,2,16.00,32.00
SO-00837,2025-07-28,North,In-store,Tea,Chai Concentrate,1,9.50,9.50
SO-00838,2025-07-28,East,Online,Equipment,Pour-Over Kit,2,42.00,84.00
SO-00839,2025-07-28,East,Online,Merch,Logo Mug,1,12.00,12.00
SO-00840,2025-07-28,South,Online,Tea,Chai Concentrate,2,9.50,19.00
SO-00841,2025-07-28,South,In-store,Equipment,Burr Grinder,2,89.00,178.00
SO-00842,2025-07-29,South,Online,Coffee,Single Origin 12 oz,1,18.50,18.50
SO-00843,2025-07-29,South,Online,Tea,Chai Concentrate,1,9.50,9.50
SO-00844,2025-07-29,West,In-store,Equipment,Burr Grinder,1,89.00,89.00
SO-00845,2025-07-30,North,Online,Coffee,Single Origin 12 oz,2,18.50,37.00
SO-00846,2025-07-30,North,Online,Equipment,Burr Grinder,2,89.00,178.00
SO-00847,2025-07-31,North,In-store,Equipment,Pour-Over Kit,3,42.00,126.00
SO-00848,2025-07-31,West,In-store,Coffee,Single Origin 12 oz,2,18.50,37.00
SO-00849,2025-07-31,North,In-store,Coffee,House Blend 1 lb,2,14.00,28.00
SO-00850,2025-07-31,West,Online,Tea,Chai Concentrate,1,9.50,9.50
SO-00851,2025-08-01,West,In-store,Equipment,Burr Grinder,1,89.00,89.00
SO-00852,2025-08-01,East,In-store,Equipment,Pour-Over Kit,1,42.00,42.00
SO-00853,2025-08-01,West,Online,Equipment,Pour-Over Kit,2,42.00,84.00
SO-00854,2025-08-01,East,Online,Coffee,Single Origin 12 oz,2,18.50,37.00
SO-00855,2025-08-01,West,Online,Merch,Tote Bag,1,16.00,16.00
SO-00856,2025-08-02,East,Online,Coffee,House Blend 1 lb,6,14.00,84.00
SO-00857,2025-08-02,South,Online,Tea,Chai Concentrate,1,9.50,9.50
SO-00858,2025-08-02,North,Online,Equipment,Burr Grinder,1,89.00,89.00
SO-00859,2025-08-02,West,Online,Merch,Logo Mug,1,12.00,12.00
SO-00860,2025-08-02,West,Online,Merch,Logo Mug,3,12.00,36.00
SO-00861,2025-08-02,West,Online,Coffee,Single Origin 12 oz,2,18.50,37.00
SO-00862,2025-08-03,North,In-store,Coffee,Single Origin 12 oz,3,18.50,55.50
SO-00863,2025-08-03,West,In-store,Equipment,Pour-Over Kit,2,42.00,84.00
SO-00864,2025-08-03,East,In-store,Equipment,Pour-Over Kit,2,42.00,84.00
SO-00865,2025-08-03,East,In-store,Tea,Green Tea Tin,2,11.00,22.00
SO-00866,2025-08-03,South,Online,Coffee,House Blend 1 lb,2,14.00,28.00
SO-00867,2025-08-04,West,In-store,Equipment,Pour-Over Kit,6,42.00,252.00
SO-00868,2025-08-04,North,Online,Coffee,House Blend 1 lb,2,14.00,28.00
SO-00869,2025-08-04,South,Online,Tea,Green Tea Tin,1,11.00,11.00
SO-00870,2025-08-04,North,In-store,Equipment,Burr Grinder,4,89.00,356.00
SO-00871,2025-08-04,East,Online,Equipment,Burr Grinder,3,89.00,267.00
SO-00872,2025-08-04,South,In-store,Tea,Green Tea Tin,3,11.00,33.00
SO-00873,2025-08-05,East,Online,Equipment,Burr Grinder,1,89.00,89.00
SO-00874,2025-08-05,North,Online,Tea,Chai Concentrate,1,9.50,9.50
SO-00875,2025-08-05,East,Online,Merch,Logo Mug,1,12.00,12.00
SO-00876,2025-08-05,North,Online,Tea,Green Tea Tin,1,11.00,11.00
SO-00877,2025-08-06,East,In-store,Merch,Tote Bag,1,16.00,16.00
SO-00878,2025-08-06,North,Online,Tea,Chai Concentrate,1,9.50,9.50
SO-00879,2025-08-06,East,Online,Tea,Chai Concentrate,2,9.50,19.00
SO-00880,2025-08-06,East,In-store,Coffee,Single Origin 12 oz,1,18.50,18.50
SO-00881,2025-08-07,West,Online,Equipment,Burr Grinder,1,89.00,89.00
SO-00882,2025-08-07,South,In-store,Merch,Tote Bag,1,16.00,16.00
SO-00883,2025-08-07,North,Online,Merch,Logo Mug,4,12.00,48.00
SO-00884,2025-08-07,East,Online,Equipment,Burr Grinder,2,89.00,178.00
SO-00885,2025-08-08,North,In-store,Tea,Chai Concentrate,2,9.50,19.00
SO-00886,2025-08-08,East,In-store,Equipment,Pour-Over Kit,2,42.00,84.00
SO-00887,2025-08-09,East,In-store,Tea,Green Tea Tin,1,11.00,11.00
SO-00888,2025-08-09,East,Online,Equipment,Pour-Over Kit,1,42.00,42.00
SO-00889,2025-08-10,West,In-store,Tea,Chai Concentrate,2,9.50,19.00
SO-00890,2025-08-10,South,Online,Equipment,Pour-Over Kit,6,42.00,252.00
SO-00891,2025-08-10,East,Online,Equipment,Burr Grinder,1,89.00,89.00
SO-00892,2025-08-11,East,In-store,Merch,Logo Mug,1,12.00,12.00
SO-00893,2025-08-11,West,In-store,Coffee,House Blend 1 lb,3,14.00,42.00
SO-00894,2025-08-11,North,Online,Merch,Tote Bag,1,16.00,16.00
SO-00895,2025-08-12,East,Online,Merch,Tote Bag,1,16.00,16.00
SO-00896,2025-08-12,West,In-store,Tea,Green Tea Tin,1,11.00,11.00
SO-00897,2025-08-12,West,Online,Coffee,House Blend 1 lb,1,14.00,14.00
SO-00898,2025-08-12,North,In-store,Merch,Tote Bag,1,16.00,16.00
SO-00899,2025-08-12,East,Online,Equipment,Pour-Over Kit,1,42.00,42.00
SO-00900,2025-08-13,North,Online,Coffee,Single Origin 12 oz,1,18.50,18.50
SO-00901,2025-08-13,North,In-store,Tea,Green Tea Tin,1,11.00,11.00
SO-00902,2025-08-13,South,Online,Tea,Green Tea Tin,4,11.00,44.00
SO-00903,2025-08-13,North,In-store,Tea,Chai Concentrate,2,9.50,19.00
SO-00904,2025-08-14,West,In-store,Coffee,Single Origin 12 oz,1,18.50,18.50
SO-00905,2025-08-14,East,In-store,Merch,Tote Bag,2,16.00,32.00
SO-00906,2025-08-14,East,In-store,Tea,Chai Concentrate,1,9.50,9.50
SO-00907,2025-08-14,East,In-store,Merch,Tote Bag,1,16.00,16.00
SO-00908,2025-08-14,South,Online,Equipment,Pour-Over Kit,1,42.00,42.00
SO-00909,2025-08-15,North,In-store,Coffee,House Blend 1 lb,2,14.00,28.00
SO-00910,2025-08-15,South,Online,Tea,Chai Concentrate,3,9.50,28.50
SO-00911,2025-08-15,South,Online,Merch,Tote Bag,1,16.00,16.00
SO-00912,2025-08-15,South,Online,Merch,Logo Mug,6,12.00,72.00
SO-00913,2025-08-15,North,In-store,Tea,Green Tea Tin,1,11.00,11.00
SO-00914,2025-08-16,North,Online,Merch,Logo Mug,3,12.00,36.00
SO-00915,2025-08-16,North,In-store,Coffee,House Blend 1 lb,3,14.00,42.00
SO-00916,2025-08-16,East,Online,Equipment,Pour-Over Kit,2,42.00,84.00
SO-00917,2025-08-16,North,Online,Tea,Chai Concentrate,1,9.50,9.50
SO-00918,2025-08-16,North,In-store,Merch,Tote Bag,2,16.00,32.00
SO-00919,2025-08-17,North,In-store,Coffee,Single Origin 12 oz,2,18.50,37.00
SO-00920,2025-08-17,East,In-store,Coffee,House Blend 1 lb,1,14.00,14.00
SO-00921,2025-08-17,North,Online,Coffee,Single Origin 12 oz,4,18.50,74.00
SO-00922,2025-08-17,East,Online,Merch,Logo Mug,2,12.00,24.00
SO-00923,2025-08-18,South,In-store,Equipment,Pour-Over Kit,2,42.00,84.00
SO-00924,2025-08-18,East,In-store,Tea,Green Tea Tin,2,11.00,22.00
SO-00925,2025-08-19,East,In-store,Merch,Tote Bag,2,16.00,32.00
SO-00926,2025-08-19,West,In-store,Equipment,Burr Grinder,2,89.00,178.00
SO-00927,2025-08-19,West,Online,Merch,Tote Bag,3,16.00,48.00
SO-00928,2025-08-19,East,In-store,Merch,Tote Bag,2,16.00,32.00
SO-00929,2025-08-19,West,In-store,Equipment,Burr Grinder,6,89.00,534.00
SO-00930,2025-08-20,South,In-store,Equipment,Burr Grinder,6,89.00,534.00
SO-00931,2025-08-20,West,In-store,Merch,Logo Mug,1,12.00,12.00
SO-00932,2025-08-21,South,In-store,Merch,Logo Mug,1,12.00,12.00
SO-00933,2025-08-21,South,In-store,Coffee,House Blend 1 lb,2,14.00,28.00
SO-00934,2025-08-21,West,Online,Merch,Tote Bag,1,16.00,16.00
SO-00935,2025-08-22,East,In-store,Coffee,House Blend 1 lb,1,14.00,14.00
SO-00936,2025-08-22,East,Online,Merch,Logo Mug,1,12.00,12.00
SO-00937,2025-08-22,North,In-store,Tea,Green Tea Tin,1,11.00,11.00
SO-00938,2025-08-22,North,In-store,Equipment,Burr Grinder,2,89.00,178.00
SO-00939,2025-08-22,West,Online,Merch,Tote Bag,1,16.00,16.00
SO-00940,2025-08-23,South,Online,Equipment,Burr Grinder,1,89.00,89.00
SO-00941,2025-08-23,North,In-store,Equipment,Pour-Over Kit,1,42.00,42.00
SO-00942,2025-08-23,South,Online,Tea,Green Tea Tin,1,11.00,11.00
SO-00943,2025-08-23,East,Online,Equipment,Pour-Over Kit,6,42.00,252.00
SO-00944,2025-08-24,North,In-store,Coffee,Single Origin 12 oz,1,18.50,18.50
SO-00945,2025-08-24,East,Online,Merch,Tote Bag,2,16.00,32.00
SO-00946,2025-08-25,South,In-store,Merch,Tote Bag,1,16.00,16.00
SO-00947,2025-08-25,South,In-store,Tea,Chai Concentrate,1,9.50,9.50
SO-00948,2025-08-25,South,In-store,Merch,Logo Mug,1,12.00,12.00
SO-00949,2025-08-25,North,Online,Tea,Green Tea Tin,1,11.00,11.00
SO-00950,2025-08-25,South,In-store,Tea,Chai Concentrate,1,9.50,9.50
SO-00951,2025-08-26,North,Online,Tea,Chai Concentrate,6,9.50,57.00
SO-00952,2025-08-26,West,In-store,Equipment,Burr Grinder,1,89.00,89.00
SO-00953,2025-08-26,East,Online,Tea,Chai Concentrate,3,9.50,28.50
SO-00954,2025-08-26,North,Online,Tea,Chai Concentrate,4,9.50,38.00
SO-00955,2025-08-26,South,In-store,Coffee,Single Origin 12 oz,6,18.50,111.00
SO-00956,2025-08-27,West,Online,Equipment,Burr Grinder,4,89.00,356.00
SO-00957,2025-08-27,East,In-store,Merch,Logo Mug,2,12.00,24.00
SO-00958,2025-08-27,East,In-store,Equipment,Burr Grinder,3,89.00,267.00
SO-00959,2025-08-27,East,In-store,Equipment,Burr Grinder,1,89.00,89.00
SO-00960,2025-08-27,North,In-store,Tea,Green Tea Tin,3,11.00,33.00
SO-00961,2025-08-28,South,Online,Merch,Logo Mug,1,12.00,12.00
SO-00962,2025-08-28,North,In-store,Coffee,Single Origin 12 oz,6,18.50,111.00
SO-00963,2025-08-28,South,Online,Merch,Tote Bag,1,16.00,16.00
SO-00964,2025-08-28,South,Online,Tea,Chai Concentrate,1,9.50,9.50
SO-00965,2025-08-29,East,In-store,Coffee,Single Origin 12 oz,6,18.50,111.00
SO-00966,2025-08-29,South,Online,Equipment,Pour-Over Kit,1,42.00,42.00
SO-00967,2025-08-29,North,Online,Tea,Chai Concentrate,2,9.50,19.00
SO-00968,2025-08-29,West,In-store,Merch,Logo Mug,1,12.00,12.00
SO-00969,2025-08-29,North,Online,Coffee,House Blend 1 lb,2,14.00,28.00
SO-00970,2025-08-29,West,In-store,Tea,Green Tea Tin,1,11.00,11.00
SO-00971,2025-08-30,South,In-store,Coffee,House Blend 1 lb,2,14.00,28.00
SO-00972,2025-08-30,North,Online,Equipment,Burr Grinder,2,89.00,178.00
SO-00973,2025-08-31,East,In-store,Equipment,Pour-Over Kit,2,42.00,84.00
SO-00974,2025-08-31,South,In-store,Coffee,Single Origin 12 oz,1,18.50,18.50
SO-00975,2025-09-01,East,Online,Coffee,Single Origin 12 oz,2,18.50,37.00
SO-00976,2025-09-01,East,In-store,Equipment,Burr Grinder,4,89.00,356.00
SO-00977,2025-09-01,South,In-store,Tea,Chai Concentrate,2,9.50,19.00
SO-00978,2025-09-01,East,Online,Merch,Tote Bag,3,16.00,48.00
SO-00979,2025-09-02,West,Online,Tea,Chai Concentrate,1,9.50,9.50
SO-00980,2025-09-02,South,In-store,Tea,Green Tea Tin,2,11.00,22.00
SO-00981,2025-09-02,East,In-store,Equipment,Pour-Over Kit,4,42.00,168.00
SO-00982,2025-09-02,North,Online,Merch,Logo Mug,1,12.00,12.00
SO-00983,2025-09-02,East,Online,Merch,Logo Mug,2,12.00,24.00
SO-00984,2025-09-03,East,Online,Merch,Tote Bag,1,16.00,16.00
SO-00985,2025-09-03,East,In-store,Equipment,Pour-Over Kit,2,42.00,84.00
SO-00986,2025-09-03,North,Online,Merch,Tote Bag,1,16.00,16.00
SO-00987,2025-09-03,East,Online,Equipment,Pour-Over Kit,3,42.00,126.00
SO-00988,2025-09-03,West,In-store,Equipment,Burr Grinder,1,89.00,89.00
SO-00989,2025-09-04,West,In-store,Tea,Chai Concentrate,1,9.50,9.50
SO-00990,2025-09-04,North,Online,Coffee,Single Origin 12 oz,3,18.50,55.50
SO-00991,2025-09-04,South,Online,Coffee,House Blend 1 lb,2,14.00,28.00
SO-00992,2025-09-04,East,Online,Tea,Green Tea Tin,2,11.00,22.00
SO-00993,2025-09-04,South,In-store,Merch,Logo Mug,1,12.00,12.00
SO-00994,2025-09-04,North,Online,Tea,Green Tea Tin,1,11.00,11.00
SO-00995,2025-09-04,East,Online,Equipment,Burr Grinder,4,89.00,356.00
SO-00996,2025-09-04,East,Online,Equipment,Pour-Over Kit,3,42.00,126.00
SO-00997,2025-09-04,North,Online,Tea,Green Tea Tin,2,11.00,22.00
SO-00998,2025-09-05,South,Online,Merch,Tote Bag,4,16.00,64.00
SO-00999,2025-09-05,North,Online,Tea,Green Tea Tin,1,11.00,11.00
SO-01000,2025-09-05,South,Online,Tea,Chai Concentrate,3,9.50,28.50
SO-01001,2025-09-05,South,Online,Equipment,Burr Grinder,3,89.00,267.00
SO-01002,2025-09-05,West,In-store,Tea,Green Tea Tin,1,11.00,11.00
SO-01003,2025-09-06,South,In-store,Coffee,House Blend 1 lb,2,14.00,28.00
SO-01004,2025-09-06,North,In-store,Tea,Chai Concentrate,1,9.50,9.50
SO-01005,2025-09-06,South,Online,Equipment,Pour-Over Kit,2,42.00,84.00
SO-01006,2025-09-06,West,Online,Equipment,Burr Grinder,2,89.00,178.00
SO-01007,2025-09-07,South,In-store,Merch,Logo Mug,1,12.00,12.00
SO-01008,2025-09-07,North,In-store,Coffee,Single Origin 12 oz,2,18.50,37.00
SO-01009,2025-09-07,West,Online,Tea,Chai Concentrate,2,9.50,19.00
SO-01010,2025-09-07,East,Online,Merch,Logo Mug,1,12.00,12.00
SO-01011,2025-09-07,East,Online,Equipment,Burr Grinder,1,89.00,89.00
SO-01012,2025-09-08,West,Online,Equipment,Pour-Over Kit,2,42.00,84.00
SO-01013,2025-09-08,South,Online,Tea,Chai Concentrate,1,9.50,9.50
SO-01014,2025-09-08,North,Online,Tea,Green Tea Tin,3,11.00,33.00
SO-01015,2025-09-09,South,In-store,Coffee,House Blend 1 lb,1,14.00,14.00
SO-01016,2025-09-09,West,In-store,Merch,Tote Bag,2,16.00,32.00
SO-01017,2025-09-09,South,Online,Equipment,Pour-Over Kit,6,42.00,252.00
SO-01018,2025-09-10,West,Online,Coffee,House Blend 1 lb,1,14.00,14.00
SO-01019,2025-09-10,East,Online,Merch,Logo Mug,1,12.00,12.00
SO-01020,2025-09-10,North,Online,Coffee,Single Origin 12 oz,1,18.50,18.50
SO-01021,2025-09-10,South,In-store,Tea,Chai Concentrate,1,9.50,9.50
SO-01022,2025-09-10,East,In-store,Tea,Green Tea Tin,1,11.00,11.00
SO-01023,2025-09-11,West,In-store,Coffee,Single Origin 12 oz,1,18.50,18.50
SO-01024,2025-09-11,East,Online,Coffee,Single Origin 12 oz,2,18.50,37.00
SO-01025,2025-09-11,North,Online,Equipment,Pour-Over Kit,1,42.00,42.00
SO-01026,2025-09-11,North,Online,Tea,Green Tea Tin,1,11.00,11.00
SO-01027,2025-09-11,West,Online,Equipment,Pour-Over Kit,1,42.00,42.00
SO-01028,2025-09-12,South,In-store,Merch,Tote Bag,2,16.00,32.00
SO-01029,2025-09-12,South,Online,Equipment,Pour-Over Kit,1,42.00,42.00
SO-01030,2025-09-12,West,In-store,Coffee,Single Origin 12 oz,1,18.50,18.50
SO-01031,2025-09-12,East,Online,Coffee,House Blend 1 lb,6,14.00,84.00
SO-01032,2025-09-12,East,Online,Coffee,House Blend 1 lb,2,14.00,28.00
SO-01033,2025-09-13,East,Online,Equipment,Burr Grinder,4,89.00,356.00
SO-01034,2025-09-13,South,In-store,Equipment,Pour-Over Kit,2,42.00,84.00
SO-01035,2025-09-13,East,Online,Equipment,Burr Grinder,1,89.00,89.00
SO-01036,2025-09-13,North,Online,Equipment,Burr Grinder,2,89.00,178.00
SO-01037,2025-09-14,North,In-store,Equipment,Burr Grinder,1,89.00,89.00
SO-01038,2025-09-14,North,Online,Merch,Tote Bag,1,16.00,16.00
SO-01039,2025-09-14,West,In-store,Merch,Logo Mug,1,12.00,12.00
SO-01040,2025-09-14,West,Online,Merch,Tote Bag,1,16.00,16.00
SO-01041,2025-09-14,South,In-store,Tea,Chai Concentrate,6,9.50,57.00
SO-01042,2025-09-15,East,In-store,Coffee,Single Origin 12 oz,1,18.50,18.50
SO-01043,2025-09-15,North,Online,Equipment,Burr Grinder,1,89.00,89.00
SO-01044,2025-09-15,North,In-store,Coffee,Single Origin 12 oz,3,18.50,55.50
SO-01045,2025-09-15,South,Online,Merch,Logo Mug,1,12.00,12.00
SO-01046,2025-09-16,East,Online,Equipment,Pour-Over Kit,1,42.00,42.00
SO-01047,2025-09-16,South,In-store,Coffee,House Blend 1 lb,1,14.00,14.00
SO-01048,2025-09-16,South,Online,Coffee,Single Origin 12 oz,1,18.50,18.50
SO-01049,2025-09-17,North,Online,Merch,Logo Mug,3,12.00,36.00
SO-01050,2025-09-17,South,Online,Tea,Chai Concentrate,1,9.50,9.50
SO-01051,2025-09-18,East,Online,Tea,Chai Concentrate,2,9.50,19.00
SO-01052,2025-09-18,West,Online,Merch,Logo Mug,1,12.00,12.00
SO-01053,2025-09-18,South,Online,Equipment,Pour-Over Kit,4,42.00,168.00
SO-01054,2025-09-18,North,Online,Merch,Logo Mug,2,12.00,24.00
SO-01055,2025-09-18,East,In-store,Equipment,Pour-Over Kit,1,42.00,42.00
SO-01056,2025-09-19,East,Online,Equipment,Burr Grinder,1,89.00,89.00
SO-01057,2025-09-19,East,Online,Merch,Logo Mug,3,12.00,36.00
SO-01058,2025-09-19,East,In-store,Tea,Green Tea Tin,1,11.00,11.00
SO-01059,2025-09-19,South,In-store,Tea,Green Tea Tin,2,11.00,22.00
SO-01060,2025-09-19,East,In-store,Equipment,Burr Grinder,3,89.00,267.00
SO-01061,2025-09-19,East,Online,Equipment,Burr Grinder,1,89.00,89.00
SO-01062,2025-09-19,West,In-store,Coffee,House Blend 1 lb,3,14.00,42.00
SO-01063,2025-09-20,North,In-store,Tea,Chai Concentrate,2,9.50,19.00
SO-01064,2025-09-20,North,Online,Coffee,House Blend 1 lb,2,14.00,28.00
SO-01065,2025-09-20,North,In-store,Tea,Chai Concentrate,6,9.50,57.00
SO-01066,2025-09-20,East,Online,Tea,Green Tea Tin,3,11.00,33.00
SO-01067,2025-09-20,North,In-store,Tea,Green Tea Tin,3,11.00,33.00
SO-01068,2025-09-21,North,Online,Equipment,Burr Grinder,1,89.00,89.00
SO-01069,2025-09-21,North,In-store,Coffee,Single Origin 12 oz,1,18.50,18.50
SO-01070,2025-09-21,West,In-store,Coffee,House Blend 1 lb,1,14.00,14.00
SO-01071,2025-09-21,East,Online,Coffee,House Blend 1 lb,2,14.00,28.00
SO-01072,2025-09-21,East,Online,Tea,Chai Concentrate,4,9.50,38.00
SO-01073,2025-09-21,East,Online,Equipment,Pour-Over Kit,4,42.00,168.00
SO-01074,2025-09-22,East,Online,Coffee,House Blend 1 lb,1,14.00,14.00
SO-01075,2025-09-22,North,Online,Merch,Logo Mug,1,12.00,12.00
SO-01076,2025-09-22,South,In-store,Equipment,Burr Grinder,2,89.00,178.00
SO-01077,2025-09-22,West,Online,Merch,Tote Bag,1,16.00,16.00
SO-01078,2025-09-23,South,Online,Tea,Green Tea Tin,6,11.00,66.00
SO-01079,2025-09-23,East,Online,Coffee,Single Origin 12 oz,1,18.50,18.50
SO-01080,2025-09-23,East,Online,Merch,Tote Bag,3,16.00,48.00
SO-01081,2025-09-23,South,Online,Equipment,Burr Grinder,1,89.00,89.00
SO-01082,2025-09-24,West,In-store,Equipment,Pour-Over Kit,3,42.00,126.00
SO-01083,2025-09-24,South,In-store,Equipment,Pour-Over Kit,1,42.00,42.00
SO-01084,2025-09-24,South,Online,Tea,Green Tea Tin,1,11.00,11.00
SO-01085,2025-09-24,South,Online,Tea,Green Tea Tin,2,11.00,22.00
SO-01086,2025-09-24,West,In-store,Coffee,Single Origin 12 oz,1,18.50,18.50
SO-01087,2025-09-25,North,In-store,Tea,Chai Concentrate,1,9.50,9.50
SO-01088,2025-09-25,South,Online,Tea,Green Tea Tin,1,11.00,11.00
SO-01089,2025-09-25,East,Online,Equipment,Pour-Over Kit,1,42.00,42.00
SO-01090,2025-09-25,West,In-store,Tea,Chai Concentrate,1,9.50,9.50
SO-01091,2025-09-25,South,Online,Merch,Logo Mug,4,12.00,48.00
SO-01092,2025-09-25,West,Online,Equipment,Burr Grinder,1,89.00,89.00
SO-01093,2025-09-26,West,Online,Equipment,Burr Grinder,1,89.00,89.00
SO-01094,2025-09-26,East,Online,Merch,Logo Mug,3,12.00,36.00
SO-01095,2025-09-26,West,Online,Coffee,House Blend 1 lb,1,14.00,14.00
SO-01096,2025-09-26,South,Online,Equipment,Pour-Over Kit,2,42.00,84.00
SO-01097,2025-09-27,North,Online,Tea,Chai Concentrate,1,9.50,9.50
SO-01098,2025-09-27,North,In-store,Tea,Chai Concentrate,1,9.50,9.50
SO-01099,2025-09-28,East,In-store,Equipment,Pour-Over Kit,1,42.00,42.00
SO-01100,2025-09-28,North,Online,Coffee,Single Origin 12 oz,4,18.50,74.00
SO-01101,2025-09-28,East,Online,Merch,Logo Mug,1,12.00,12.00
SO-01102,2025-09-28,West,In-store,Merch,Logo Mug,3,12.00,36.00
SO-01103,2025-09-28,East,Online,Tea,Chai Concentrate,2,9.50,19.00
SO-01104,2025-09-29,West,In-store,Tea,Chai Concentrate,2,9.50,19.00
SO-01105,2025-09-29,East,Online,Coffee,Single Origin 12 oz,2,18.50,37.00
SO-01106,2025-09-29,East,In-store,Merch,Logo Mug,1,12.00,12.00
SO-01107,2025-09-30,North,Online,Equipment,Pour-Over Kit,1,42.00,42.00
SO-01108,2025-09-30,East,In-store,Coffee,House Blend 1 lb,1,14.00,14.00
SO-01109,2025-09-30,East,Online,Coffee,House Blend 1 lb,2,14.00,28.00
SO-01110,2025-09-30,West,In-store,Merch,Logo Mug,1,12.00,12.00
SO-01111,2025-10-01,East,Online,Equipment,Pour-Over Kit,1,42.00,42.00
SO-01112,2025-10-01,East,Online,Equipment,Pour-Over Kit,1,42.00,42.00
SO-01113,2025-10-01,North,Online,Tea,Chai Concentrate,1,9.50,9.50
SO-01114,2025-10-01,North,Online,Merch,Tote Bag,1,16.00,16.00
SO-01115,2025-10-01,North,Online,Tea,Green Tea Tin,1,11.00,11.00
SO-01116,2025-10-02,North,In-store,Tea,Chai Concentrate,1,9.50,9.50
SO-01117,2025-10-02,South,In-store,Coffee,Single Origin 12 oz,4,18.50,74.00
SO-01118,2025-10-02,South,Online,Merch,Logo Mug,1,12.00,12.00
SO-01119,2025-10-02,East,In-store,Coffee,Single Origin 12 oz,1,18.50,18.50
SO-01120,2025-10-02,East,Online,Equipment,Burr Grinder,2,89.00,178.00
SO-01121,2025-10-03,North,Online,Coffee,House Blend 1 lb,1,14.00,14.00
SO-01122,2025-10-03,South,In-store,Coffee,Single Origin 12 oz,2,18.50,37.00
SO-01123,2025-10-03,North,In-store,Tea,Green Tea Tin,1,11.00,11.00
SO-01124,2025-10-03,North,Online,Tea,Green Tea Tin,1,11.00,11.00
SO-01125,2025-10-03,South,In-store,Tea,Chai Concentrate,1,9.50,9.50
SO-01126,2025-10-03,North,In-store,Coffee,House Blend 1 lb,1,14.00,14.00
SO-01127,2025-10-03,West,Online,Merch,Logo Mug,1,12.00,12.00
SO-01128,2025-10-04,South,Online,Merch,Tote Bag,3,16.00,48.00
SO-01129,2025-10-04,South,In-store,Tea,Chai Concentrate,2,9.50,19.00
SO-01130,2025-10-05,West,Online,Tea,Green Tea Tin,2,11.00,22.00
SO-01131,2025-10-05,West,In-store,Coffee,Single Origin 12 oz,1,18.50,18.50
SO-01132,2025-10-05,North,Online,Tea,Chai Concentrate,2,9.50,19.00
SO-01133,2025-10-05,South,Online,Equipment,Burr Grinder,1,89.00,89.00
SO-01134,2025-10-05,West,Online,Coffee,Single Origin 12 oz,1,18.50,18.50
SO-01135,2025-10-05,East,Online,Coffee,House Blend 1 lb,4,14.00,56.00
SO-01136,2025-10-06,North,Online,Tea,Chai Concentrate,1,9.50,9.50
SO-01137,2025-10-06,East,Online,Merch,Logo Mug,1,12.00,12.00
SO-01138,2025-10-06,North,In-store,Coffee,House Blend 1 lb,4,14.00,56.00
SO-01139,2025-10-07,East,Online,Equipment,Burr Grinder,1,89.00,89.00
SO-01140,2025-10-07,East,Online,Tea,Green Tea Tin,1,11.00,11.00
SO-01141,2025-10-07,East,Online,Coffee,Single Origin 12 oz,1,18.50,18.50
SO-01142,2025-10-07,West,Online,Equipment,Burr Grinder,4,89.00,356.00
SO-01143,2025-10-07,North,Online,Merch,Logo Mug,1,12.00,12.00
SO-01144,2025-10-07,South,In-store,Coffee,House Blend 1 lb,3,14.00,42.00
SO-01145,2025-10-08,West,Online,Tea,Chai Concentrate,1,9.50,9.50
SO-01146,2025-10-08,South,In-store,Equipment,Burr Grinder,1,89.00,89.00
SO-01147,2025-10-08,South,Online,Merch,Logo Mug,6,12.00,72.00
SO-01148,2025-10-09,North,In-store,Coffee,House Blend 1 lb,3,14.00,42.00
SO-01149,2025-10-09,West,Online,Tea,Green Tea Tin,1,11.00,11.00
SO-01150,2025-10-09,South,In-store,Merch,Logo Mug,1,12.00,12.00
SO-01151,2025-10-09,West,Online,Tea,Green Tea Tin,1,11.00,11.00
SO-01152,2025-10-09,West,In-store,Equipment,Pour-Over Kit,2,42.00,84.00
SO-01153,2025-10-09,East,In-store,Coffee,Single Origin 12 oz,6,18.50,111.00
SO-01154,2025-10-10,East,Online,Merch,Logo Mug,2,12.00,24.00
SO-01155,2025-10-10,East,Online,Merch,Tote Bag,1,16.00,16.00
SO-01156,2025-10-10,North,Online,Coffee,House Blend 1 lb,6,14.00,84.00
SO-01157,2025-10-10,North,Online,Tea,Chai Concentrate,6,9.50,57.00
SO-01158,2025-10-10,East,Online,Tea,Chai Concentrate,1,9.50,9.50
SO-01159,2025-10-10,East,In-store,Coffee,Single Origin 12 oz,6,18.50,111.00
SO-01160,2025-10-11,East,Online,Merch,Logo Mug,2,12.00,24.00
SO-01161,2025-10-11,West,In-store,Merch,Logo Mug,2,12.00,24.00
SO-01162,2025-10-11,North,Online,Tea,Green Tea Tin,2,11.00,22.00
SO-01163,2025-10-11,South,Online,Tea,Chai Concentrate,4,9.50,38.00
SO-01164,2025-10-11,West,Online,Equipment,Pour-Over Kit,1,42.00,42.00
SO-01165,2025-10-11,South,In-store,Tea,Green Tea Tin,2,11.00,22.00
SO-01166,2025-10-12,East,Online,Equipment,Burr Grinder,1,89.00,89.00
SO-01167,2025-10-12,North,In-store,Equipment,Pour-Over Kit,6,42.00,252.00
SO-01168,2025-10-12,East,Online,Tea,Green Tea Tin,1,11.00,11.00
SO-01169,2025-10-12,North,Online,Tea,Green Tea Tin,1,11.00,11.00
SO-01170,2025-10-12,East,Online,Coffee,House Blend 1 lb,2,14.00,28.00
SO-01171,2025-10-13,East,Online,Merch,Tote Bag,1,16.00,16.00
SO-01172,2025-10-13,North,In-store,Coffee,House Blend 1 lb,3,14.00,42.00
SO-01173,2025-10-13,South,Online,Tea,Green Tea Tin,3,11.00,33.00
SO-01174,2025-10-13,East,Online,Equipment,Pour-Over Kit,1,42.00,42.00
SO-01175,2025-10-14,North,Online,Coffee,Single Origin 12 oz,6,18.50,111.00
SO-01176,2025-10-14,East,Online,Coffee,House Blend 1 lb,1,14.00,14.00
SO-01177,2025-10-14,West,Online,Coffee,Single Origin 12 oz,1,18.50,18.50
SO-01178,2025-10-14,North,Online,Merch,Logo Mug,1,12.00,12.00
SO-01179,2025-10-14,East,Online,Tea,Green Tea Tin,1,11.00,11.00
SO-01180,2025-10-15,East,Online,Coffee,Single Origin 12 oz,1,18.50,18.50
SO-01181,2025-10-15,South,In-store,Tea,Chai Concentrate,2,9.50,19.00
SO-01182,2025-10-15,East,In-store,Merch,Logo Mug,2,12.00,24.00
SO-01183,2025-10-16,East,In-store,Merch,Logo Mug,3,12.00,36.00
SO-01184,2025-10-16,West,Online,Equipment,Pour-Over Kit,3,42.00,126.00
SO-01185,2025-10-16,South,In-store,Tea,Green Tea Tin,2,11.00,22.00
SO-01186,2025-10-17,South,Online,Tea,Green Tea Tin,6,11.00,66.00
SO-01187,2025-10-17,North,In-store,Tea,Green Tea Tin,3,11.00,33.00
SO-01188,2025-10-17,East,Online,Equipment,Burr Grinder,6,89.00,534.00
SO-01189,2025-10-17,South,Online,Equipment,Burr Grinder,1,89.00,89.00
SO-01190,2025-10-17,West,Online,Equipment,Burr Grinder,1,89.00,89.00
SO-01191,2025-10-18,South,Online,Merch,Logo Mug,1,12.00,12.00
SO-01192,2025-10-18,South,Online,Tea,Green Tea Tin,1,11.00,11.00
SO-01193,2025-10-18,North,In-store,Coffee,House Blend 1 lb,1,14.00,14.00
SO-01194,2025-10-18,North,Online,Equipment,Burr Grinder,1,89.00,89.00
SO-01195,2025-10-18,South,Online,Tea,Chai Concentrate,3,9.50,28.50
SO-01196,2025-10-18,East,Online,Merch,Logo Mug,1,12.00,12.00
SO-01197,2025-10-19,South,In-store,Merch,Tote Bag,6,16.00,96.00
SO-01198,2025-10-19,North,Online,Coffee,House Blend 1 lb,1,14.00,14.00
SO-01199,2025-10-19,West,In-store,Tea,Green Tea Tin,1,11.00,11.00
SO-01200,2025-10-19,East,Online,Equipment,Burr Grinder,2,89.00,178.00
SO-01201,2025-10-20,West,Online,Coffee,House Blend 1 lb,4,14.00,56.00
SO-01202,2025-10-20,East,In-store,Merch,Tote Bag,2,16.00,32.00
SO-01203,2025-10-20,East,In-store,Equipment,Pour-Over Kit,1,42.00,42.00
SO-01204,2025-10-20,North,In-store,Equipment,Pour-Over Kit,1,42.00,42.00
SO-01205,2025-10-20,East,Online,Tea,Green Tea Tin,3,11.00,33.00
SO-01206,2025-10-20,South,Online,Tea,Chai Concentrate,1,9.50,9.50
SO-01207,2025-10-21,East,In-store,Coffee,Single Origin 12 oz,2,18.50,37.00
SO-01208,2025-10-21,West,In-store,Equipment,Pour-Over Kit,2,42.00,84.00
SO-01209,2025-10-21,West,Online,Coffee,House Blend 1 lb,1,14.00,14.00
SO-01210,2025-10-21,North,In-store,Equipment,Burr Grinder,2,89.00,178.00
SO-01211,2025-10-21,North,In-store,Equipment,Burr Grinder,1,89.00,89.00
SO-01212,2025-10-21,North,Online,Merch,Tote Bag,1,16.00,16.00
SO-01213,2025-10-21,North,In-store,Coffee,Single Origin 12 oz,1,18.50,18.50
SO-01214,2025-10-22,East,Online,Merch,Tote Bag,2,16.00,32.00
SO-01215,2025-10-22,East,Online,Merch,Tote Bag,2,16.00,32.00
SO-01216,2025-10-22,South,In-store,Coffee,House Blend 1 lb,2,14.00,28.00
SO-01217,2025-10-22,North,Online,Tea,Green Tea Tin,1,11.00,11.00
SO-01218,2025-10-22,East,Online,Coffee,Single Origin 12 oz,1,18.50,18.50
SO-01219,2025-10-23,South,In-store,Merch,Tote Bag,1,16.00,16.00
SO-01220,2025-10-23,South,Online,Merch,Tote Bag,1,16.00,16.00
SO-01221,2025-10-23,East,Online,Equipment,Burr Grinder,1,89.00,89.00
SO-01222,2025-10-23,East,In-store,Merch,Logo Mug,1,12.00,12.00
SO-01223,2025-10-23,East,Online,Coffee,House Blend 1 lb,2,14.00,28.00
SO-01224,2025-10-24,West,In-store,Tea,Chai Concentrate,4,9.50,38.00
SO-01225,2025-10-24,North,In-store,Merch,Logo Mug,2,12.00,24.00
SO-01226,2025-10-24,South,In-store,Merch,Logo Mug,6,12.00,72.00
SO-01227,2025-10-24,South,Online,Equipment,Burr Grinder,1,89.00,89.00
SO-01228,2025-10-25,North,Online,Equipment,Burr Grinder,1,89.00,89.00
SO-01229,2025-10-25,North,Online,Coffee,Single Origin 12 oz,1,18.50,18.50
SO-01230,2025-10-25,East,In-store,Tea,Chai Concentrate,4,9.50,38.00
SO-01231,2025-10-25,East,In-store,Merch,Logo Mug,6,12.00,72.00
SO-01232,2025-10-25,West,Online,Tea,Chai Concentrate,1,9.50,9.50
SO-01233,2025-10-26,East,Online,Merch,Logo Mug,1,12.00,12.00
SO-01234,2025-10-26,North,Online,Tea,Green Tea Tin,2,11.00,22.00
SO-01235,2025-10-26,East,Online,Equipment,Pour-Over Kit,6,42.00,252.00
SO-01236,2025-10-26,East,Online,Equipment,Burr Grinder,2,89.00,178.00
SO-01237,2025-10-27,East,In-store,Coffee,Single Origin 12 oz,1,18.50,18.50
SO-01238,2025-10-27,South,Online,Coffee,Single Origin 12 oz,1,18.50,18.50
SO-01239,2025-10-27,South,Online,Equipment,Pour-Over Kit,3,42.00,126.00
SO-01240,2025-10-27,North,Online,Equipment,Pour-Over Kit,2,42.00,84.00
SO-01241,2025-10-27,West,Online,Equipment,Burr Grinder,3,89.00,267.00
SO-01242,2025-10-28,East,Online,Merch,Logo Mug,2,12.00,24.00
SO-01243,2025-10-28,West,Online,Merch,Logo Mug,2,12.00,24.00
SO-01244,2025-10-28,East,In-store,Tea,Chai Concentrate,4,9.50,38.00
SO-01245,2025-10-28,South,Online,Merch,Tote Bag,2,16.00,32.00
SO-01246,2025-10-29,West,Online,Equipment,Burr Grinder,4,89.00,356.00
SO-01247,2025-10-29,North,In-store,Tea,Green Tea Tin,3,11.00,33.00
SO-01248,2025-10-29,North,In-store,Equipment,Burr Grinder,2,89.00,178.00
SO-01249,2025-10-29,North,Online,Tea,Chai Concentrate,1,9.50,9.50
SO-01250,2025-10-29,West,In-store,Equipment,Pour-Over Kit,2,42.00,84.00
SO-01251,2025-10-29,South,Online,Tea,Green Tea Tin,1,11.00,11.00
SO-01252,2025-10-30,East,Online,Equipment,Burr Grinder,4,89.00,356.00
SO-01253,2025-10-30,East,Online,Tea,Chai Concentrate,1,9.50,9.50
SO-01254,2025-10-30,South,Online,Coffee,Single Origin 12 oz,1,18.50,18.50
SO-01255,2025-10-30,South,Online,Equipment,Pour-Over Kit,3,42.00,126.00
SO-01256,2025-10-30,South,Online,Equipment,Pour-Over Kit,4,42.00,168.00
SO-01257,2025-10-31,East,In-store,Equipment,Burr Grinder,3,89.00,267.00
SO-01258,2025-10-31,East,Online,Merch,Tote Bag,2,16.00,32.00
SO-01259,2025-10-31,West,Online,Tea,Chai Concentrate,2,9.50,19.00
SO-01260,2025-10-31,East,Online,Coffee,Single Origin 12 oz,1,18.50,18.50
SO-01261,2025-10-31,South,In-store,Tea,Green Tea Tin,1,11.00,11.00
SO-01262,2025-11-01,South,Online,Tea,Chai Concentrate,6,9.50,57.00
SO-01263,2025-11-01,West,Online,Tea,Chai Concentrate,1,9.50,9.50
SO-01264,2025-11-01,South,Online,Tea,Green Tea Tin,2,11.00,22.00
SO-01265,2025-11-01,West,Online,Equipment,Burr Grinder,3,89.00,267.00
SO-01266,2025-11-01,East,Online,Coffee,Single Origin 12 oz,1,18.50,18.50
SO-01267,2025-11-01,East,Online,Tea,Chai Concentrate,2,9.50,19.00
SO-01268,2025-11-01,South,Online,Merch,Logo Mug,4,12.00,48.00
SO-01269,2025-11-02,East,Online,Merch,Tote Bag,2,16.00,32.00
SO-01270,2025-11-02,South,Online,Equipment,Pour-Over Kit,1,42.00,42.00
SO-01271,2025-11-02,South,Online,Equipment,Pour-Over Kit,2,42.00,84.00
SO-01272,2025-11-02,North,In-store,Equipment,Pour-Over Kit,6,42.00,252.00
SO-01273,2025-11-02,West,Online,Coffee,House Blend 1 lb,2,14.00,28.00
SO-01274,2025-11-02,East,Online,Equipment,Burr Grinder,1,89.00,89.00
SO-01275,2025-11-02,East,Online,Tea,Green Tea Tin,4,11.00,44.00
SO-01276,2025-11-03,East,Online,Equipment,Pour-Over Kit,1,42.00,42.00
SO-01277,2025-11-03,North,Online,Tea,Green Tea Tin,2,11.00,22.00
SO-01278,2025-11-03,North,In-store,Equipment,Burr Grinder,2,89.00,178.00
SO-01279,2025-11-03,North,Online,Tea,Chai Concentrate,1,9.50,9.50
SO-01280,2025-11-03,East,Online,Equipment,Burr Grinder,4,89.00,356.00
SO-01281,2025-11-03,East,In-store,Merch,Logo Mug,2,12.00,24.00
SO-01282,2025-11-04,West,In-store,Coffee,House Blend 1 lb,1,14.00,14.00
SO-01283,2025-11-04,East,Online,Tea,Green Tea Tin,2,11.00,22.00
SO-01284,2025-11-04,West,Online,Tea,Green Tea Tin,1,11.00,11.00
SO-01285,2025-11-04,North,In-store,Equipment,Burr Grinder,1,89.00,89.00
SO-01286,2025-11-04,East,Online,Merch,Logo Mug,1,12.00,12.00
SO-01287,2025-11-04,East,In-store,Merch,Tote Bag,3,16.00,48.00
SO-01288,2025-11-04,East,Online,Merch,Tote Bag,2,16.00,32.00
SO-01289,2025-11-05,West,In-store,Coffee,Single Origin 12 oz,2,18.50,37.00
SO-01290,2025-11-05,East,In-store,Coffee,Single Origin 12 oz,1,18.50,18.50
SO-01291,2025-11-05,South,In-store,Coffee,Single Origin 12 oz,2,18.50,37.00
SO-01292,2025-11-05,West,In-store,Equipment,Burr Grinder,2,89.00,178.00
SO-01293,2025-11-05,East,Online,Merch,Logo Mug,6,12.00,72.00
SO-01294,2025-11-06,West,In-store,Tea,Chai Concentrate,2,9.50,19.00
SO-01295,2025-11-06,North,In-store,Tea,Chai Concentrate,3,9.50,28.50
SO-01296,2025-11-06,East,Online,Merch,Tote Bag,1,16.00,16.00
SO-01297,2025-11-06,North,In-store,Tea,Chai Concentrate,1,9.50,9.50
SO-01298,2025-11-06,South,In-store,Merch,Tote Bag,1,16.00,16.00
SO-01299,2025-11-06,North,In-store,Merch,Logo Mug,4,12.00,48.00
SO-01300,2025-11-06,South,Online,Equipment,Pour-Over Kit,1,42.00,42.00
SO-01301,2025-11-07,West,In-store,Merch,Tote Bag,1,16.00,16.00
SO-01302,2025-11-07,East,In-store,Equipment,Pour-Over Kit,1,42.00,42.00
SO-01303,2025-11-07,East,In-store,Coffee,House Blend 1 lb,2,14.00,28.00
SO-01304,2025-11-07,East,Online,Coffee,Single Origin 12 oz,4,18.50,74.00
SO-01305,2025-11-07,West,Online,Equipment,Pour-Over Kit,2,42.00,84.00
SO-01306,2025-11-07,East,Online,Tea,Chai Concentrate,1,9.50,9.50
SO-01307,2025-11-07,South,Online,Coffee,Single Origin 12 oz,2,18.50,37.00
SO-01308,2025-11-08,West,In-store,Tea,Chai Concentrate,1,9.50,9.50
SO-01309,2025-11-08,West,Online,Equipment,Burr Grinder,6,89.00,534.00
SO-01310,2025-11-08,South,Online,Merch,Tote Bag,1,16.00,16.00
SO-01311,2025-11-08,North,Online,Merch,Tote Bag,6,16.00,96.00
SO-01312,2025-11-09,East,In-store,Merch,Logo Mug,3,12.00,36.00
SO-01313,2025-11-09,North,Online,Merch,Tote Bag,2,16.00,32.00
SO-01314,2025-11-09,West,In-store,Merch,Logo Mug,1,12.00,12.00
SO-01315,2025-11-09,South,Online,Tea,Green Tea Tin,2,11.00,22.00
SO-01316,2025-11-09,South,Online,Coffee,Single Origin 12 oz,3,18.50,55.50
SO-01317,2025-11-10,North,In-store,Coffee,Single Origin 12 oz,1,18.50,18.50
SO-01318,2025-11-10,West,In-store,Coffee,House Blend 1 lb,2,14.00,28.00
SO-01319,2025-11-10,North,Online,Coffee,House Blend 1 lb,1,14.00,14.00
SO-01320,2025-11-10,North,In-store,Coffee,Single Origin 12 oz,2,18.50,37.00
SO-01321,2025-11-11,West,In-store,Tea,Chai Concentrate,2,9.50,19.00
SO-01322,2025-11-11,East,Online,Coffee,Single Origin 12 oz,2,18.50,37.00
SO-01323,2025-11-11,West,In-store,Tea,Chai Concentrate,1,9.50,9.50
SO-01324,2025-11-11,West,Online,Equipment,Burr Grinder,2,89.00,178.00
SO-01325,2025-11-11,North,Online,Equipment,Pour-Over Kit,1,42.00,42.00
SO-01326,2025-11-11,South,Online,Merch,Tote Bag,1,16.00,16.00
SO-01327,2025-11-12,East,Online,Coffee,House Blend 1 lb,1,14.00,14.00
SO-01328,2025-11-12,South,Online,Coffee,Single Origin 12 oz,2,18.50,37.00
SO-01329,2025-11-12,West,In-store,Merch,Tote Bag,1,16.00,16.00
SO-01330,2025-11-12,North,In-store,Merch,Tote Bag,6,16.00,96.00
SO-01331,2025-11-12,South,Online,Coffee,Single Origin 12 oz,4,18.50,74.00
SO-01332,2025-11-13,East,Online,Merch,Logo Mug,1,12.00,12.00
SO-01333,2025-11-13,North,Online,Merch,Logo Mug,1,12.00,12.00
SO-01334,2025-11-13,South,In-store,Merch,Logo Mug,1,12.00,12.00
SO-01335,2025-11-13,South,Online,Merch,Logo Mug,1,12.00,12.00
SO-01336,2025-11-13,West,In-store,Tea,Chai Concentrate,1,9.50,9.50
SO-01337,2025-11-14,South,Online,Equipment,Burr Grinder,6,89.00,534.00
SO-01338,2025-11-14,South,Online,Merch,Logo Mug,3,12.00,36.00
SO-01339,2025-11-14,North,Online,Tea,Chai Concentrate,1,9.50,9.50
SO-01340,2025-11-14,North,In-store,Tea,Chai Concentrate,3,9.50,28.50
SO-01341,2025-11-14,North,In-store,Coffee,House Blend 1 lb,2,14.00,28.00
SO-01342,2025-11-14,West,In-store,Merch,Logo Mug,2,12.00,24.00
SO-01343,2025-11-14,East,Online,Equipment,Pour-Over Kit,1,42.00,42.00
SO-01344,2025-11-15,North,Online,Tea,Green Tea Tin,1,11.00,11.00
SO-01345,2025-11-15,South,Online,Tea,Green Tea Tin,1,11.00,11.00
SO-01346,2025-11-15,North,Online,Equipment,Pour-Over Kit,1,42.00,42.00
SO-01347,2025-11-15,East,Online,Coffee,House Blend 1 lb,1,14.00,14.00
SO-01348,2025-11-15,South,Online,Coffee,Single Origin 12 oz,1,18.50,18.50
SO-01349,2025-11-15,South,Online,Tea,Green Tea Tin,1,11.00,11.00
SO-01350,2025-11-16,East,Online,Merch,Tote Bag,1,16.00,16.00
SO-01351,2025-11-16,East,Online,Merch,Tote Bag,1,16.00,16.00
SO-01352,2025-11-16,East,In-store,Coffee,House Blend 1 lb,1,14.00,14.00
SO-01353,2025-11-16,East,Online,Coffee,House Blend 1 lb,4,14.00,56.00
SO-01354,2025-11-16,North,Online,Tea,Green Tea Tin,1,11.00,11.00
SO-01355,2025-11-16,East,In-store,Equipment,Pour-Over Kit,1,42.00,42.00
SO-01356,2025-11-16,North,Online,Coffee,Single Origin 12 oz,1,18.50,18.50
SO-01357,2025-11-16,South,Online,Equipment,Burr Grinder,1,89.00,89.00
SO-01358,2025-11-17,South,In-store,Merch,Logo Mug,1,12.00,12.00
SO-01359,2025-11-17,South,Online,Tea,Chai Concentrate,4,9.50,38.00
SO-01360,2025-11-17,East,Online,Tea,Chai Concentrate,1,9.50,9.50
SO-01361,2025-11-17,South,In-store,Equipment,Burr Grinder,1,89.00,89.00
SO-01362,2025-11-17,East,Online,Equipment,Burr Grinder,1,89.00,89.00
SO-01363,2025-11-17,East,Online,Tea,Chai Concentrate,4,9.50,38.00
SO-01364,2025-11-17,East,Online,Tea,Green Tea Tin,1,11.00,11.00
SO-01365,2025-11-18,West,In-store,Coffee,House Blend 1 lb,1,14.00,14.00
SO-01366,2025-11-18,West,Online,Coffee,Single Origin 12 oz,1,18.50,18.50
SO-01367,2025-11-18,North,Online,Coffee,Single Origin 12 oz,1,18.50,18.50
SO-01368,2025-11-18,East,In-store,Equipment,Burr Grinder,2,89.00,178.00
SO-01369,2025-11-18,East,In-store,Coffee,House Blend 1 lb,1,14.00,14.00
SO-01370,2025-11-19,East,Online,Coffee,House Blend 1 lb,2,14.00,28.00
SO-01371,2025-11-19,North,Online,Merch,Logo Mug,3,12.00,36.00
SO-01372,2025-11-19,North,Online,Equipment,Burr Grinder,1,89.00,89.00
SO-01373,2025-11-19,West,Online,Tea,Green Tea Tin,6,11.00,66.00
SO-01374,2025-11-19,East,Online,Tea,Green Tea Tin,2,11.00,22.00
SO-01375,2025-11-19,West,In-store,Equipment,Pour-Over Kit,6,42.00,252.00
SO-01376,2025-11-20,South,Online,Equipment,Pour-Over Kit,1,42.00,42.00
SO-01377,2025-11-20,East,In-store,Tea,Green Tea Tin,1,11.00,11.00
SO-01378,2025-11-20,North,Online,Merch,Tote Bag,1,16.00,16.00
SO-01379,2025-11-20,South,Online,Tea,Chai Concentrate,2,9.50,19.00
SO-01380,2025-11-20,West,Online,Coffee,House Blend 1 lb,1,14.00,14.00
SO-01381,2025-11-20,East,In-store,Merch,Logo Mug,2,12.00,24.00
SO-01382,2025-11-20,North,In-store,Coffee,Single Origin 12 oz,1,18.50,18.50
SO-01383,2025-11-21,East,In-store,Merch,Tote Bag,1,16.00,16.00
SO-01384,2025-11-21,East,Online,Equipment,Burr Grinder,1,89.00,89.00
SO-01385,2025-11-21,East,Online,Coffee,Single Origin 12 oz,1,18.50,18.50
SO-01386,2025-11-21,North,Online,Coffee,House Blend 1 lb,2,14.00,28.00
SO-01387,2025-11-21,West,Online,Coffee,Single Origin 12 oz,6,18.50,111.00
SO-01388,2025-11-21,South,Online,Coffee,House Blend 1 lb,1,14.00,14.00
SO-01389,2025-11-22,West,In-store,Tea,Green Tea Tin,3,11.00,33.00
SO-01390,2025-11-22,East,Online,Coffee,Single Origin 12 oz,1,18.50,18.50
SO-01391,2025-11-22,East,Online,Tea,Chai Concentrate,1,9.50,9.50
SO-01392,2025-11-22,North,Online,Equipment,Pour-Over Kit,3,42.00,126.00
SO-01393,2025-11-22,East,In-store,Merch,Logo Mug,1,12.00,12.00
SO-01394,2025-11-22,East,Online,Merch,Logo Mug,2,12.00,24.00
SO-01395,2025-11-23,East,In-store,Coffee,Single Origin 12 oz,3,18.50,55.50
SO-01396,2025-11-23,South,In-store,Tea,Green Tea Tin,1,11.00,11.00
SO-01397,2025-11-23,West,Online,Coffee,House Blend 1 lb,1,14.00,14.00
SO-01398,2025-11-23,North,Online,Tea,Chai Concentrate,4,9.50,38.00
SO-01399,2025-11-23,North,In-store,Coffee,House Blend 1 lb,2,14.00,28.00
SO-01400,2025-11-23,East,Online,Tea,Green Tea Tin,1,11.00,11.00
SO-01401,2025-11-24,East,In-store,Tea,Chai Concentrate,4,9.50,38.00
SO-01402,2025-11-24,West,In-store,Equipment,Pour-Over Kit,1,42.00,42.00
SO-01403,2025-11-24,East,Online,Coffee,Single Origin 12 oz,2,18.50,37.00
SO-01404,2025-11-24,North,Online,Coffee,Single Origin 12 oz,2,18.50,37.00
SO-01405,2025-11-24,South,In-store,Equipment,Burr Grinder,1,89.00,89.00
SO-01406,2025-11-25,North,In-store,Tea,Green Tea Tin,1,11.00,11.00
SO-01407,2025-11-25,South,In-store,Coffee,House Blend 1 lb,2,14.00,28.00
SO-01408,2025-11-25,North,In-store,Coffee,Single Origin 12 oz,3,18.50,55.50
SO-01409,2025-11-25,East,Online,Tea,Chai Concentrate,1,9.50,9.50
SO-01410,2025-11-25,East,Online,Tea,Green Tea Tin,2,11.00,22.00
SO-01411,2025-11-25,East,Online,Merch,Tote Bag,2,16.00,32.00
SO-01412,2025-11-26,North,Online,Merch,Logo Mug,1,12.00,12.00
SO-01413,2025-11-26,West,In-store,Equipment,Burr Grinder,1,89.00,89.00
SO-01414,2025-11-26,South,In-store,Equipment,Pour-Over Kit,1,42.00,42.00
SO-01415,2025-11-26,West,In-store,Merch,Tote Bag,1,16.00,16.00
SO-01416,2025-11-26,East,In-store,Equipment,Burr Grinder,1,89.00,89.00
SO-01417,2025-11-27,West,Online,Merch,Tote Bag,2,16.00,32.00
SO-01418,2025-11-27,East,Online,Coffee,Single Origin 12 oz,1,18.50,18.50
SO-01419,2025-11-27,North,Online,Merch,Tote Bag,1,16.00,16.00
SO-01420,2025-11-27,West,Online,Merch,Tote Bag,1,16.00,16.00
SO-01421,2025-11-27,South,In-store,Tea,Green Tea Tin,2,11.00,22.00
SO-01422,2025-11-27,West,In-store,Tea,Chai Concentrate,2,9.50,19.00
SO-01423,2025-11-27,East,Online,Tea,Green Tea Tin,1,11.00,11.00
SO-01424,2025-11-27,North,In-store,Tea,Green Tea Tin,3,11.00,33.00
SO-01425,2025-11-28,East,Online,Coffee,Single Origin 12 oz,1,18.50,18.50
SO-01426,2025-11-28,East,Online,Coffee,Single Origin 12 oz,2,18.50,37.00
SO-01427,2025-11-28,South,In-store,Merch,Logo Mug,2,12.00,24.00
SO-01428,2025-11-28,West,In-store,Tea,Green Tea Tin,1,11.00,11.00
SO-01429,2025-11-28,East,In-store,Equipment,Pour-Over Kit,2,42.00,84.00
SO-01430,2025-11-28,North,Online,Coffee,Single Origin 12 oz,2,18.50,37.00
SO-01431,2025-11-28,East,Online,Coffee,House Blend 1 lb,4,14.00,56.00
SO-01432,2025-11-29,North,Online,Coffee,Single Origin 12 oz,6,18.50,111.00
SO-01433,2025-11-29,East,Online,Merch,Logo Mug,1,12.00,12.00
SO-01434,2025-11-29,East,Online,Equipment,Pour-Over Kit,1,42.00,42.00
SO-01435,2025-11-29,North,Online,Coffee,Single Origin 12 oz,3,18.50,55.50
SO-01436,2025-11-29,North,Online,Coffee,House Blend 1 lb,6,14.00,84.00
SO-01437,2025-11-29,South,Online,Tea,Green Tea Tin,3,11.00,33.00
SO-01438,2025-11-30,East,In-store,Tea,Green Tea Tin,2,11.00,22.00
SO-01439,2025-11-30,North,In-store,Coffee,House Blend 1 lb,1,14.00,14.00
SO-01440,2025-11-30,South,In-store,Merch,Tote Bag,2,16.00,32.00
SO-01441,2025-11-30,West,In-store,Coffee,Single Origin 12 oz,1,18.50,18.50
SO-01442,2025-11-30,North,In-store,Tea,Green Tea Tin,1,11.00,11.00
SO-01443,2025-11-30,North,Online,Equipment,Pour-Over Kit,1,42.00,42.00
SO-01444,2025-11-30,East,Online,Tea,Chai Concentrate,1,9.50,9.50
SO-01445,2025-12-01,South,In-store,Equipment,Burr Grinder,2,89.00,178.00
SO-01446,2025-12-01,North,Online,Merch,Tote Bag,1,16.00,16.00
SO-01447,2025-12-01,East,Online,Tea,Green Tea Tin,1,11.00,11.00
SO-01448,2025-12-01,North,Online,Coffee,House Blend 1 lb,1,14.00,14.00
SO-01449,2025-12-01,East,Online,Merch,Tote Bag,2,16.00,32.00
SO-01450,2025-12-02,South,In-store,Merch,Logo Mug,1,12.00,12.00
SO-01451,2025-12-02,East,Online,Tea,Green Tea Tin,3,11.00,33.00
SO-01452,2025-12-02,South,Online,Coffee,Single Origin 12 oz,1,18.50,18.50
SO-01453,2025-12-02,East,In-store,Equipment,Burr Grinder,2,89.00,178.00
SO-01454,2025-12-02,West,Online,Coffee,Single Origin 12 oz,1,18.50,18.50
SO-01455,2025-12-02,South,Online,Merch,Logo Mug,1,12.00,12.00
SO-01456,2025-12-02,East,Online,Merch,Tote Bag,1,16.00,16.00
SO-01457,2025-12-03,South,Online,Tea,Chai Concentrate,2,9.50,19.00
SO-01458,2025-12-03,North,In-store,Tea,Chai Concentrate,1,9.50,9.50
SO-01459,2025-12-03,North,In-store,Coffee,House Blend 1 lb,1,14.00,14.00
SO-01460,2025-12-03,East,Online,Merch,Logo Mug,4,12.00,48.00
SO-01461,2025-12-03,East,Online,Merch,Logo Mug,1,12.00,12.00
SO-01462,2025-12-03,East,Online,Merch,Tote Bag,3,16.00,48.00
SO-01463,2025-12-03,North,Online,Coffee,House Blend 1 lb,2,14.00,28.00
SO-01464,2025-12-03,East,In-store,Equipment,Pour-Over Kit,2,42.00,84.00
SO-01465,2025-12-04,West,In-store,Merch,Logo Mug,2,12.00,24.00
SO-01466,2025-12-04,North,Online,Merch,Logo Mug,1,12.00,12.00
SO-01467,2025-12-04,West,In-store,Coffee,Single Origin 12 oz,6,18.50,111.00
SO-01468,2025-12-04,South,Online,Equipment,Pour-Over Kit,1,42.00,42.00
SO-01469,2025-12-04,South,Online,Tea,Green Tea Tin,6,11.00,66.00
SO-01470,2025-12-05,North,Online,Merch,Tote Bag,2,16.00,32.00
SO-01471,2025-12-05,West,Online,Coffee,Single Origin 12 oz,2,18.50,37.00
SO-01472,2025-12-05,East,In-store,Coffee,House Blend 1 lb,2,14.00,28.00
SO-01473,2025-12-05,East,Online,Merch,Logo Mug,1,12.00,12.00
SO-01474,2025-12-05,South,Online,Equipment,Burr Grinder,2,89.00,178.00
SO-01475,2025-12-05,North,Online,Tea,Chai Concentrate,1,9.50,9.50
SO-01476,2025-12-06,North,Online,Equipment,Burr Grinder,3,89.00,267.00
SO-01477,2025-12-06,North,Online,Merch,Tote Bag,1,16.00,16.00
SO-01478,2025-12-06,North,Online,Coffee,Single Origin 12 oz,1,18.50,18.50
SO-01479,2025-12-06,South,Online,Merch,Tote Bag,1,16.00,16.00
SO-01480,2025-12-06,East,In-store,Equipment,Pour-Over Kit,2,42.00,84.00
SO-01481,2025-12-06,East,Online,Coffee,Single Origin 12 oz,1,18.50,18.50
SO-01482,2025-12-06,North,Online,Equipment,Burr Grinder,2,89.00,178.00
SO-01483,2025-12-07,East,Online,Coffee,House Blend 1 lb,3,14.00,42.00
SO-01484,2025-12-07,South,Online,Merch,Logo Mug,1,12.00,12.00
SO-01485,2025-12-07,East,Online,Equipment,Pour-Over Kit,1,42.00,42.00
SO-01486,2025-12-07,West,Online,Equipment,Pour-Over Kit,2,42.00,84.00
SO-01487,2025-12-07,North,Online,Tea,Chai Concentrate,4,9.50,38.00
SO-01488,2025-12-07,North,Online,Equipment,Pour-Over Kit,3,42.00,126.00
SO-01489,2025-12-07,East,Online,Merch,Logo Mug,2,12.00,24.00
SO-01490,2025-12-07,West,Online,Coffee,House Blend 1 lb,6,14.00,84.00
SO-01491,2025-12-08,South,In-store,Equipment,Burr Grinder,3,89.00,267.00
SO-01492,2025-12-08,East,In-store,Coffee,House Blend 1 lb,3,14.00,42.00
SO-01493,2025-12-08,South,In-store,Merch,Logo Mug,1,12.00,12.00
SO-01494,2025-12-08,East,In-store,Coffee,House Blend 1 lb,6,14.00,84.00
SO-01495,2025-12-08,South,Online,Tea,Chai Concentrate,2,9.50,19.00
SO-01496,2025-12-08,West,In-store,Tea,Green Tea Tin,2,11.00,22.00
SO-01497,2025-12-08,West,In-store,Merch,Tote Bag,2,16.00,32.00
SO-01498,2025-12-08,South,In-store,Coffee,House Blend 1 lb,2,14.00,28.00
SO-01499,2025-12-09,South,Online,Merch,Logo Mug,2,12.00,24.00
SO-01500,2025-12-09,South,Online,Coffee,House Blend 1 lb,1,14.00,14.00
SO-01501,2025-12-09,North,Online,Merch,Tote Bag,1,16.00,16.00
SO-01502,2025-12-09,East,In-store,Tea,Green Tea Tin,2,11.00,22.00
SO-01503,2025-12-09,East,In-store,Coffee,Single Origin 12 oz,1,18.50,18.50
SO-01504,2025-12-09,East,Online,Equipment,Pour-Over Kit,2,42.00,84.00
SO-01505,2025-12-09,South,Online,Tea,Chai Concentrate,1,9.50,9.50
SO-01506,2025-12-09,North,Online,Tea,Chai Concentrate,3,9.50,28.50
SO-01507,2025-12-09,East,Online,Tea,Chai Concentrate,1,9.50,9.50
SO-01508,2025-12-10,North,In-store,Tea,Green Tea Tin,4,11.00,44.00
SO-01509,2025-12-10,West,Online,Merch,Tote Bag,6,16.00,96.00
SO-01510,2025-12-10,South,In-store,Merch,Tote Bag,3,16.00,48.00
SO-01511,2025-12-10,North,Online,Merch,Logo Mug,1,12.00,12.00
SO-01512,2025-12-10,West,In-store,Coffee,House Blend 1 lb,1,14.00,14.00
SO-01513,2025-12-11,West,Online,Coffee,Single Origin 12 oz,3,18.50,55.50
SO-01514,2025-12-11,South,Online,Merch,Logo Mug,3,12.00,36.00
SO-01515,2025-12-11,South,In-store,Coffee,House Blend 1 lb,2,14.00,28.00
SO-01516,2025-12-11,North,Online,Equipment,Pour-Over Kit,3,42.00,126.00
SO-01517,2025-12-11,North,Online,Merch,Tote Bag,1,16.00,16.00
SO-01518,2025-12-11,North,In-store,Equipment,Pour-Over Kit,1,42.00,42.00
SO-01519,2025-12-11,West,Online,Merch,Logo Mug,1,12.00,12.00
SO-01520,2025-12-12,East,In-store,Coffee,Single Origin 12 oz,1,18.50,18.50
SO-01521,2025-12-12,West,Online,Tea,Chai Concentrate,4,9.50,38.00
SO-01522,2025-12-12,South,Online,Equipment,Pour-Over Kit,1,42.00,42.00
SO-01523,2025-12-12,West,In-store,Tea,Chai Concentrate,1,9.50,9.50
SO-01524,2025-12-12,East,Online,Coffee,House Blend 1 lb,3,14.00,42.00
SO-01525,2025-12-12,East,Online,Coffee,Single Origin 12 oz,4,18.50,74.00
SO-01526,2025-12-12,West,Online,Merch,Tote Bag,2,16.00,32.00
SO-01527,2025-12-13,West,Online,Coffee,House Blend 1 lb,3,14.00,42.00
SO-01528,2025-12-13,North,Online,Merch,Logo Mug,2,12.00,24.00
SO-01529,2025-12-13,South,Online,Coffee,House Blend 1 lb,2,14.00,28.00
SO-01530,2025-12-13,North,Online,Equipment,Pour-Over Kit,1,42.00,42.00
SO-01531,2025-12-13,North,Online,Coffee,Single Origin 12 oz,1,18.50,18.50
SO-01532,2025-12-13,North,Online,Coffee,Single Origin 12 oz,2,18.50,37.00
SO-01533,2025-12-13,North,Online,Equipment,Pour-Over Kit,4,42.00,168.00
SO-01534,2025-12-14,East,Online,Merch,Tote Bag,4,16.00,64.00
SO-01535,2025-12-14,South,In-store,Coffee,Single Origin 12 oz,1,18.50,18.50
SO-01536,2025-12-14,North,In-store,Coffee,House Blend 1 lb,3,14.00,42.00
SO-01537,2025-12-14,North,In-store,Merch,Logo Mug,2,12.00,24.00
SO-01538,2025-12-14,North,Online,Equipment,Pour-Over Kit,1,42.00,42.00
SO-01539,2025-12-14,North,Online,Coffee,Single Origin 12 oz,1,18.50,18.50
SO-01540,2025-12-14,South,Online,Coffee,Single Origin 12 oz,1,18.50,18.50
SO-01541,2025-12-14,North,Online,Tea,Green Tea Tin,1,11.00,11.00
SO-01542,2025-12-15,East,Online,Tea,Chai Concentrate,1,9.50,9.50
SO-01543,2025-12-15,South,Online,Equipment,Burr Grinder,1,89.00,89.00
SO-01544,2025-12-15,North,Online,Tea,Chai Concentrate,2,9.50,19.00
SO-01545,2025-12-15,South,Online,Tea,Green Tea Tin,2,11.00,22.00
SO-01546,2025-12-16,North,Online,Coffee,Single Origin 12 oz,1,18.50,18.50
SO-01547,2025-12-16,East,Online,Tea,Chai Concentrate,1,9.50,9.50
SO-01548,2025-12-16,East,Online,Coffee,House Blend 1 lb,2,14.00,28.00
SO-01549,2025-12-16,East,Online,Coffee,Single Origin 12 oz,2,18.50,37.00
SO-01550,2025-12-16,North,In-store,Tea,Green Tea Tin,2,11.00,22.00
SO-01551,2025-12-16,East,Online,Tea,Chai Concentrate,3,9.50,28.50
SO-01552,2025-12-16,East,Online,Coffee,Single Origin 12 oz,1,18.50,18.50
SO-01553,2025-12-16,East,Online,Merch,Logo Mug,2,12.00,24.00
SO-01554,2025-12-17,East,In-store,Tea,Green Tea Tin,2,11.00,22.00
SO-01555,2025-12-17,East,Online,Equipment,Burr Grinder,1,89.00,89.00
SO-01556,2025-12-17,East,In-store,Coffee,Single Origin 12 oz,1,18.50,18.50
SO-01557,2025-12-17,East,Online,Merch,Logo Mug,3,12.00,36.00
SO-01558,2025-12-17,West,In-store,Coffee,House Blend 1 lb,1,14.00,14.00
SO-01559,2025-12-17,South,In-store,Merch,Tote Bag,4,16.00,64.00
SO-01560,2025-12-17,East,Online,Tea,Green Tea Tin,1,11.00,11.00
SO-01561,2025-12-17,North,In-store,Merch,Logo Mug,1,12.00,12.00
SO-01562,2025-12-18,East,Online,Coffee,House Blend 1 lb,3,14.00,42.00
SO-01563,2025-12-18,North,In-store,Equipment,Burr Grinder,1,89.00,89.00
SO-01564,2025-12-18,East,Online,Tea,Green Tea Tin,4,11.00,44.00
SO-01565,2025-12-18,East,Online,Tea,Chai Concentrate,1,9.50,9.50
SO-01566,2025-12-18,South,In-store,Coffee,Single Origin 12 oz,1,18.50,18.50
SO-01567,2025-12-18,South,Online,Merch,Tote Bag,4,16.00,64.00
SO-01568,2025-12-19,East,In-store,Merch,Tote Bag,2,16.00,32.00
SO-01569,2025-12-19,North,Online,Merch,Logo Mug,4,12.00,48.00
SO-01570,2025-12-19,South,In-store,Coffee,Single Origin 12 oz,1,18.50,18.50
SO-01571,2025-12-19,South,Online,Tea,Green Tea Tin,2,11.00,22.00
SO-01572,2025-12-19,South,Online,Tea,Green Tea Tin,6,11.00,66.00
SO-01573,2025-12-19,East,In-store,Coffee,Single Origin 12 oz,2,18.50,37.00
SO-01574,2025-12-19,East,In-store,Tea,Green Tea Tin,3,11.00,33.00
SO-01575,2025-12-19,South,In-store,Equipment,Pour-Over Kit,1,42.00,42.00
SO-01576,2025-12-20,West,In-store,Coffee,Single Origin 12 oz,2,18.50,37.00
SO-01577,2025-12-20,North,Online,Tea,Chai Concentrate,4,9.50,38.00
SO-01578,2025-12-20,North,Online,Merch,Tote Bag,1,16.00,16.00
SO-01579,2025-12-20,South,Online,Tea,Green Tea Tin,1,11.00,11.00
SO-01580,2025-12-20,East,Online,Coffee,House Blend 1 lb,2,14.00,28.00
SO-01581,2025-12-20,South,Online,Equipment,Burr Grinder,1,89.00,89.00
SO-01582,2025-12-20,North,In-store,Equipment,Pour-Over Kit,3,42.00,126.00
SO-01583,2025-12-21,West,Online,Equipment,Pour-Over Kit,6,42.00,252.00
SO-01584,2025-12-21,North,Online,Equipment,Burr Grinder,1,89.00,89.00
SO-01585,2025-12-21,West,Online,Equipment,Pour-Over Kit,1,42.00,42.00
SO-01586,2025-12-21,North,Online,Coffee,Single Origin 12 oz,2,18.50,37.00
SO-01587,2025-12-21,North,Online,Merch,Tote Bag,1,16.00,16.00
SO-01588,2025-12-21,East,Online,Equipment,Pour-Over Kit,2,42.00,84.00
SO-01589,2025-12-21,South,Online,Tea,Chai Concentrate,1,9.50,9.50
SO-01590,2025-12-21,East,Online,Equipment,Pour-Over Kit,2,42.00,84.00
SO-01591,2025-12-22,West,Online,Tea,Chai Concentrate,3,9.50,28.50
SO-01592,2025-12-22,West,Online,Tea,Chai Concentrate,2,9.50,19.00
SO-01593,2025-12-22,North,In-store,Merch,Logo Mug,6,12.00,72.00
SO-01594,2025-12-22,East,Online,Equipment,Pour-Over Kit,4,42.00,168.00
SO-01595,2025-12-22,South,Online,Coffee,House Blend 1 lb,2,14.00,28.00
SO-01596,2025-12-22,East,Online,Coffee,Single Origin 12 oz,2,18.50,37.00
SO-01597,2025-12-23,South,Online,Tea,Chai Concentrate,1,9.50,9.50
SO-01598,2025-12-23,East,Online,Merch,Logo Mug,4,12.00,48.00
SO-01599,2025-12-23,North,Online,Tea,Chai Concentrate,2,9.50,19.00
SO-01600,2025-12-23,East,Online,Merch,Logo Mug,6,12.00,72.00
SO-01601,2025-12-23,East,Online,Coffee,House Blend 1 lb,4,14.00,56.00
SO-01602,2025-12-23,North,Online,Coffee,House Blend 1 lb,2,14.00,28.00
SO-01603,2025-12-24,South,In-store,Equipment,Pour-Over Kit,3,42.00,126.00
SO-01604,2025-12-24,North,In-store,Tea,Green Tea Tin,3,11.00,33.00
SO-01605,2025-12-24,South,Online,Merch,Tote Bag,3,16.00,48.00
SO-01606,2025-12-24,South,Online,Tea,Chai Concentrate,2,9.50,19.00
SO-01607,2025-12-24,North,In-store,Merch,Logo Mug,6,12.00,72.00
SO-01608,2025-12-24,South,Online,Merch,Tote Bag,1,16.00,16.00
SO-01609,2025-12-24,North,Online,Tea,Chai Concentrate,1,9.50,9.50
SO-01610,2025-12-25,West,In-store,Merch,Tote Bag,1,16.00,16.00
SO-01611,2025-12-25,North,Online,Tea,Green Tea Tin,6,11.00,66.00
SO-01612,2025-12-25,East,Online,Tea,Green Tea Tin,3,11.00,33.00
SO-01613,2025-12-25,South,Online,Equipment,Pour-Over Kit,6,42.00,252.00
SO-01614,2025-12-25,East,Online,Coffee,Single Origin 12 oz,1,18.50,18.50
SO-01615,2025-12-25,East,Online,Merch,Logo Mug,2,12.00,24.00
SO-01616,2025-12-26,West,Online,Tea,Chai Concentrate,4,9.50,38.00
SO-01617,2025-12-26,East,In-store,Coffee,Single Origin 12 oz,6,18.50,111.00
SO-01618,2025-12-26,West,Online,Tea,Green Tea Tin,1,11.00,11.00
SO-01619,2025-12-26,East,In-store,Coffee,House Blend 1 lb,2,14.00,28.00
SO-01620,2025-12-26,East,In-store,Tea,Chai Concentrate,2,9.50,19.00
SO-01621,2025-12-26,South,Online,Equipment,Pour-Over Kit,1,42.00,42.00
SO-01622,2025-12-26,East,In-store,Merch,Tote Bag,3,16.00,48.00
SO-01623,2025-12-26,West,Online,Merch,Tote Bag,2,16.00,32.00
SO-01624,2025-12-26,South,Online,Equipment,Burr Grinder,1,89.00,89.00
SO-01625,2025-12-26,North,Online,Tea,Green Tea Tin,1,11.00,11.00
SO-01626,2025-12-27,North,Online,Equipment,Pour-Over Kit,6,42.00,252.00
SO-01627,2025-12-27,East,Online,Equipment,Pour-Over Kit,1,42.00,42.00
SO-01628,2025-12-27,North,Online,Coffee,Single Origin 12 oz,2,18.50,37.00
SO-01629,2025-12-27,East,Online,Tea,Green Tea Tin,4,11.00,44.00
SO-01630,2025-12-27,North,In-store,Merch,Tote Bag,1,16.00,16.00
SO-01631,2025-12-27,East,Online,Coffee,Single Origin 12 oz,2,18.50,37.00
SO-01632,2025-12-27,East,Online,Tea,Chai Concentrate,3,9.50,28.50
SO-01633,2025-12-28,North,In-store,Coffee,House Blend 1 lb,1,14.00,14.00
SO-01634,2025-12-28,South,In-store,Equipment,Pour-Over Kit,1,42.00,42.00
SO-01635,2025-12-28,West,Online,Tea,Green Tea Tin,1,11.00,11.00
SO-01636,2025-12-28,South,In-store,Tea,Chai Concentrate,2,9.50,19.00
SO-01637,2025-12-28,South,Online,Coffee,Single Origin 12 oz,1,18.50,18.50
SO-01638,2025-12-29,East,Online,Merch,Logo Mug,1,12.00,12.00
SO-01639,2025-12-29,East,In-store,Coffee,House Blend 1 lb,1,14.00,14.00
SO-01640,2025-12-29,West,Online,Coffee,Single Origin 12 oz,1,18.50,18.50
SO-01641,2025-12-29,North,Online,Tea,Green Tea Tin,1,11.00,11.00
SO-01642,2025-12-29,South,Online,Tea,Chai Concentrate,1,9.50,9.50
SO-01643,2025-12-29,North,In-store,Merch,Tote Bag,2,16.00,32.00
SO-01644,2025-12-30,West,In-store,Tea,Green Tea Tin,1,11.00,11.00
SO-01645,2025-12-30,East,Online,Coffee,House Blend 1 lb,1,14.00,14.00
SO-01646,2025-12-30,West,In-store,Tea,Green Tea Tin,2,11.00,22.00
SO-01647,2025-12-30,West,Online,Equipment,Pour-Over Kit,3,42.00,126.00
SO-01648,2025-12-30,East,Online,Coffee,House Blend 1 lb,1,14.00,14.00
SO-01649,2025-12-30,North,Online,Tea,Chai Concentrate,1,9.50,9.50
SO-01650,2025-12-31,West,Online,Merch,Tote Bag,2,16.00,32.00
SO-01651,2025-12-31,North,In-store,Equipment,Pour-Over Kit,1,42.00,42.00
SO-01652,2025-12-31,East,Online,Merch,Logo Mug,2,12.00,24.00
SO-01653,2025-12-31,East,Online,Merch,Tote Bag,1,16.00,16.00
SO-01654,2025-12-31,West,Online,Tea,Green Tea Tin,2,11.00,22.00
SO-01655,2025-12-31,West,Online,Coffee,Single Origin 12 oz,1,18.50,18.50
SO-01656,2025-12-31,West,Online,Tea,Chai Concentrate,2,9.50,19.00
